,id,post_num,follower_num,category,audi_stat,follower_reach,reach,reach%,ER,posting_term,,,,,,,,,,,,
1,_yuun.dd,40,"3,211",기타,"30대, 여성(59%)","1,084 (73%)","1,485",46.25%,5.90%,0.9,,,,,,,,,,,,
2,moondam__,40,"4,983","일상 ,패션","20대, 여성(82%)","2,670 (66%)","4,038",81.04%,41.00%,0.3,,,,,,,,,,,,
3,_rudgus_,46,"4,988",일상,"30대, 여성(84%)","1,641 (50%)","3,303",66.22%,2.03%,1.1,,,,,,,,,,,,
4,3.3x_km,46,"4,676","일상 ,패션","20대, 여성(70%)","2,881 (34%)","8,435",180.39%,7.40%,0.8,,,,,,,,,,,,
5,prince_merry_,48,"3,034","키즈 ,일상","10대, 여성(75%)","1,099 (83%)","1,318",43.44%,5.65%,0.6,,,,,,,,,,,,
6,yhtmtg,48,"5,482","예술 ,여행","30대, 여성(74%)","2,460 (83%)","2,952",53.85%,24.47%,0.2,,,,,,,,,,,,
7,hyochi___,50,"4,936","일상 ,패션, 뷰티","30대, 남성(66%)","1,839 (80%)","2,309",46.78%,5.78%,0.8,,,,,,,,,,,,
8,e_heeeeee,51,"8,227","일상 ,홈리빙","30대, 여성(69%)","1,820 (42%)","4,304",52.32%,1.74%,0.9,,,,,,,,,,,,
9,lo.vyd_,51,"7,082","뷰티 ,일상, 패션","20대, 여성(66%)",904 (15%),"5,971",84.31%,1.01%,4.3,,,,,,,,,,,,
10,suyun._.oo,52,"6,818","푸드 ,일상","30대, 여성(61%)","2,714 (83%)","3,257",47.77%,19.50%,0.5,,,,,,,,,,,,
11,2chung_96,54,"4,123","일상 ,동물,","30대, 여성(77%)","1,678 (60%)","2,796",67.81%,4.71%,0.4,,,,,,,,,,,,
12,hj__ooo,54,"4,265","뷰티 ,여행","20대, 여성(68%)","1,180 (18%)","6,623",155.29%,2.39%,1.9,,,,,,,,,,,,
13,k_th97,55,"4,132",,"30대, 여성(59%)","1,677 (64%)","2,631",63.67%,8.44%,0.8,,,,,,,,,,,,
14,yy___vely,56,"3,984","일상 ,패션, 여행","30대, 여성(65%)",699 (9%),"7,396",185.64%,1.67%,1.6,,,,,,,,,,,,
15,ybsr_yelim,56,"4,507",,"30대, 여성(67%)",30 (83%),36,0.80%,13.41%,0.7,,,,,,,,,,,,
16,dubuchuu,57,"3,537","일상 ,패션, 뷰티","30대, 여성(54%)","2,917 (5%)","60,571",1712.50%,9.82%,0.1,,,,,,,,,,,,
17,179.6_,58,"2,963","일상 ,여행, 푸드","30대, 여성(81%)","1,032 (98%)","1,053",35.54%,3.40%,0.5,,,,,,,,,,,,
18,_angyj,58,"6,294","엔터테인먼트 ,일상, 패션","20대, 여성(67%)","1,707 (10%)","17,071",271.23%,2.35%,2.6,,,,,,,,,,,,
19,aurumi4529,61,"4,677","동물 ,일상, 푸드","30대, 여성(73%)","1,346 (83%)","1,615",34.53%,8.05%,0.4,,,,,,,,,,,,
20,kiyoungeee,61,"4,412",일상 패션,"30대, 여성(75%)","1,428 (83%)","1,713",38.83%,5.80%,0.4,,,,,,,,,,,,
21,2.silver.jun,62,"3,851",,"20대, 여성(80%)","2,505 (43%)","5,834",151.49%,2.84%,1.8,,,,,,,,,,,,
22,2ooo122o,63,"4,364",,"30대, 여성(58%)","1,343 (83%)","1,611",36.92%,8.55%,0.5,,,,,,,,,,,,
23,g___h9.4,63,"8,506",일상,"30대, 여성(56%)","2,403 (68%)","3,512",41.29%,2.77%,1.6,,,,,,,,,,,,
24,cocovely_wq,65,"7,220","일상 ,패션, 뷰티","30대, 여성(54%)","2,046 (46%)","4,472",61.94%,1.68%,1.2,,,,,,,,,,,,
25,coordius,68,"3,433","일상 ,패션, 기타","30대, 여성(82%)","1,961 (83%)","2,353",68.54%,16.68%,0.6,,,,,,,,,,,,
26,ssefproject,69,"3,102","뷰티 ,예술, 푸드","20대, 여성(79%)","2,605 (10%)","26,320",848.48%,6.22%,0.5,,,,,,,,,,,,
27,ckdghks810,70,"4,422",,"30대, 여성(78%)","2,294 (44%)","5,181",117.16%,10.30%,0.4,,,,,,,,,,,,
28,jeon_eun_chul,71,"3,831","일상 ,패션, 뷰티","30대, 여성(74%)","1,281 (83%)","1,537",40.12%,2.82%,0.3,,,,,,,,,,,,
29,kys_1016,73,"3,215",일상,"20대, 여성(82%)","1,635 (50%)","3,284",102.15%,13.80%,0.2,,,,,,,,,,,,
30,___euniya,73,"8,292","패션 ,뷰티, 여행","30대, 남성(59%)","2,064 (35%)","5,961",71.89%,1.44%,1,,,,,,,,,,,,
31,yoone2e,75,"4,260","일상 ,뷰티,","20대, 여성(62%)","2,104 (27%)","7,895",185.33%,5.71%,0.7,,,,,,,,,,,,
32,0o_____zo0,75,"5,808","패션 ,뷰티, 일상","20대, 여성(70%)","1,681 (1%)","123,470",2125.86%,6.03%,2.3,,,,,,,,,,,,
33,jeon_eun_chul,78,"4,189","일상 ,패션, 뷰티","30대, 여성(74%)","1,281 (83%)","1,537",36.69%,2.82%,0.3,,,,,,,,,,,,
34,dvoidoffunk,78,"7,610",,"30대, 여성(80%)","5,469 (95%)","5,782",75.98%,7.88%,0.9,,,,,,,,,,,,
35,muk9_muk9,78,"5,657",푸드,"30대, 여성(67%)","2,282 (83%)","2,739",48.42%,3.79%,0.8,,,,,,,,,,,,
36,eo_nomine,82,"6,738","일상 ,여행,","20대, 여성(85%)","3,301 (83%)","3,961",58.79%,4.39%,0.6,,,,,,,,,,,,
37,xxxxxskyxxxxx,83,"4,184","일상 ,패션, 푸드","30대, 여성(67%)","1,158 (30%)","3,808",91.01%,2.34%,0.7,,,,,,,,,,,,
38,_comely__j,83,"6,668","뷰티 ,일상","30대, 여성(63%)","1,802 (19%)","9,730",145.92%,2.13%,3.1,,,,,,,,,,,,
39,peerchord,87,"4,471","일상 ,패션","30대, 여성(75%)",8 (1%),739,16.53%,6.56%,0.5,,,,,,,,,,,,
40,camper_hb93,88,"4,362",,"40대, 여성(54%)","2,296 (30%)","7,594",174.09%,10.98%,1.2,,,,,,,,,,,,
41,fourbbi,90,"5,011","일상 ,여행, 패션","30대, 여성(83%)","2,139 (83%)","2,567",51.23%,5.62%,1,,,,,,,,,,,,
42,choi__ssa,90,"5,745",일상,"30대, 여성(81%)","4,825 (41%)","11,695",203.57%,13.12%,0.5,,,,,,,,,,,,
43,gamin_papa,91,"2,731","키즈 ,일상","10대, 여성(73%)",930 (83%),"1,116",40.86%,5.50%,0.4,,,,,,,,,,,,
44,insta._s2,92,"3,010","뷰티 ,일상, 패션","30대, 여성(60%)","1,774 (37%)","4,828",160.40%,26.86%,0.5,,,,,,,,,,,,
45,thankstamp,93,"4,532",,"30대, 여성(85%)","2,701 (83%)","3,241",71.51%,3.20%,1.1,,,,,,,,,,,,
46,food__master_,94,"3,379","푸드 ,일상,","20대, 여성(72%)","1,375 (83%)","1,650",48.83%,4.55%,0.3,,,,,,,,,,,,
47,lo.oo_y,94,"3,931","뷰티 ,패션, 여행","30대, 남성(58%)","1,956 (38%)","5,216",132.69%,15.13%,1.6,,,,,,,,,,,,
48,a_38317,94,"7,046","일상 ,여행, 푸드","30대, 여성(59%)","4,738 (83%)","5,685",80.68%,9.87%,0.9,,,,,,,,,,,,
49,wonwoo995,95,"8,435",일상,"30대, 여성(92%)","2,068 (83%)","2,481",29.41%,11.36%,0.9,,,,,,,,,,,,
50,___jaeu,99,"4,220","일상 ,뷰티","30대, 여성(59%)",949 (28%),"3,433",81.35%,3.76%,0.5,,,,,,,,,,,,
51,gagamel_k,100,"4,874","일상 ,키즈","30대, 여성(64%)","1,688 (83%)","2,025",41.55%,2.96%,0.5,,,,,,,,,,,,
52,yuxxin_00,101,"3,901",기타,"30대, 여성(59%)","1,066 (8%)","13,410",343.76%,4.68%,0.5,,,,,,,,,,,,
53,sony_in_,105,"3,403","푸드 ,일상","30대, 여성(52%)","2,041 (83%)","2,449",71.97%,9.65%,1.8,,,,,,,,,,,,
54,01_isena,105,"7,162","뷰티 ,패션, 푸드","30대, 여성(72%)","1,984 (29%)","6,916",96.57%,1.99%,0.2,,,,,,,,,,,,
55,happzziny,110,"3,133","일상 ,푸드","30대, 여성(77%)",753 (29%),"2,559",81.68%,2.88%,0.6,,,,,,,,,,,,
56,hay_yoon.k,111,"3,624","일상 ,패션, 뷰티","30대, 여성(63%)","1,272 (10%)","12,816",353.64%,10.17%,0.6,,,,,,,,,,,,
57,prunus.official,112,"4,501",,"30대, 여성(74%)","2,700 (83%)","3,240",71.98%,4.26%,0.5,,,,,,,,,,,,
58,haeuuuuun_94,113,"8,263",엔터테인먼트,"20대, 여성(86%)","2,778 (83%)","3,333",40.34%,7.33%,1.7,,,,,,,,,,,,
59,jja.dduoo,114,"8,880","패션 ,동물","30대, 여성(58%)","2,509 (36%)","7,002",78.85%,5.14%,0.5,,,,,,,,,,,,
60,maigmati,114,"7,782",,"30대, 여성(78%)","5,936 (68%)","8,671",111.42%,1.86%,0.4,,,,,,,,,,,,
61,chu._.vw,116,"9,566",,"30대, 여성(77%)","3,969 (85%)","4,683",48.95%,8.60%,0.3,,,,,,,,,,,,
62,s__.ugoi,119,"7,254","뷰티 ,일상, 패션","30대, 여성(66%)","3,483 (42%)","8,290",114.28%,3.67%,1.5,,,,,,,,,,,,
63,__monolife,120,"3,724",패션,"30대, 여성(73%)","3,517 (47%)","7,428",199.46%,12.60%,1.2,,,,,,,,,,,,
64,ordinary_lab_of,121,"6,105","패션 ,일상","30대, 여성(74%)","2,965 (83%)","3,558",58.28%,17.34%,0.4,,,,,,,,,,,,
65,lami_lov2,122,"9,074",푸드,"30대, 여성(75%)","2,628 (83%)","3,153",34.75%,3.03%,2,,,,,,,,,,,,
66,cutteyooung,124,"7,112","일상 ,패션, 뷰티","30대, 여성(56%)","1,820 (44%)","4,172",58.66%,4.54%,0.5,,,,,,,,,,,,
67,miinn_oi,125,"3,027",일상,"30대, 여성(68%)",840 (35%),"2,397",79.19%,4.91%,1.3,,,,,,,,,,,,
68,joeee_ly,125,"3,157","패션 ,일상","30대, 여성(61%)","1,315 (83%)","1,578",49.98%,11.28%,0.9,,,,,,,,,,,,
69,i.jini_,126,"3,486","일상 ,패션, 여행","30대, 여성(64%)",848 (4%),"20,284",581.87%,3.32%,0.5,,,,,,,,,,,,
70,jejucaptain,126,"5,520","여행 ,일상, 푸드","30대, 여성(75%)","4,662 (14%)","33,266",602.64%,9.37%,0.6,,,,,,,,,,,,
71,dyoni._.95,128,"2,368",,"20대, 여성(88%)","1,101 (11%)","10,125",427.58%,11.23%,13,,,,,,,,,,,,
72,d.throne_official,128,"7,996","키즈 ,디지털","30대, 여성(80%)","3,185 (83%)","3,822",47.80%,1.07%,0.7,,,,,,,,,,,,
73,michuhol_gu,132,"5,263",팬시완구,"20대, 여성(76%)","3,157 (83%)","3,789",71.99%,1.77%,0.7,,,,,,,,,,,,
74,iam__da,133,"2,105","패션 ,푸드","30대, 여성(63%)",608 (15%),"4,040",191.92%,8.68%,1,,,,,,,,,,,,
75,chacha_inny,134,"4,548","푸드 ,뷰티","30대, 여성(75%)","1,269 (62%)","2,055",45.18%,4.21%,0.5,,,,,,,,,,,,
76,swg_1126,135,"9,593",엔터테인먼트,"30대, 여성(73%)","3,557 (83%)","4,269",44.50%,9.41%,0.1,,,,,,,,,,,,
77,zzgoro,136,"8,846","예술 ,엔터테인먼트, 동물","30대, 여성(77%)","8,196 (75%)","10,917",123.41%,3.57%,5.4,,,,,,,,,,,,
78,kkwakys,137,"3,938","일상 ,패션, 동물","30대, 여성(80%)","3,712 (7%)","52,459",1332.12%,8.49%,0.2,,,,,,,,,,,,
79,_yellowdeer_official,140,"4,654",,"20대, 여성(86%)","2,792 (83%)","3,350",71.98%,1.10%,2.8,,,,,,,,,,,,
80,sallyday_,141,"4,011","일상 ,예술, 푸드","30대, 여성(70%)",530 (18%),"2,962",73.85%,0.47%,1,,,,,,,,,,,,
81,youremyxx,142,"4,580","패션 ,뷰티","30대, 여성(85%)","2,564 (31%)","8,294",181.09%,9.92%,0.3,,,,,,,,,,,,
82,hanssol_2e,143,"8,132","일상 ,엔터테인먼트","30대, 여성(76%)","1,566 (83%)","1,879",23.11%,3.98%,0.3,,,,,,,,,,,,
83,yumiiii22_,144,"4,175",일상 패션,"20대, 여성(79%)",926 (83%),"1,111",26.61%,6.31%,0.7,,,,,,,,,,,,
84,se.hyuun,144,"5,125",,"30대, 여성(79%)","1,554 (55%)","2,847",55.55%,5.39%,1.6,,,,,,,,,,,,
85,kim_yu00,146,"7,005",,"30대, 남성(53%)","3,303 (90%)","3,651",52.12%,12.47%,0.3,,,,,,,,,,,,
86,put_in_light,147,"4,942","예술 ,일상","40대, 여성(63%)","1,914 (53%)","3,616",73.17%,14.00%,1.3,,,,,,,,,,,,
87,hcm1970s,147,"3,140","여행 ,푸드","30대, 여성(94%)","1,642 (43%)","3,778",120.32%,16.11%,0.9,,,,,,,,,,,,
88,jjn__sik,147,"8,525","패션 ,뷰티","10대, 여성(77%)","2,652 (83%)","3,182",37.33%,2.91%,0.6,,,,,,,,,,,,
89,_yellowdeer_official,148,"4,932",,"20대, 여성(86%)","2,792 (83%)","3,350",67.92%,1.10%,2.8,,,,,,,,,,,,
90,ki_wogh1,148,"6,694",푸드,"30대, 여성(64%)","3,027 (83%)","3,632",54.26%,4.89%,0.6,,,,,,,,,,,,
91,danhobak.k,148,"8,683",푸드,"20대, 여성(78%)","3,360 (83%)","4,032",46.44%,2.36%,2.6,,,,,,,,,,,,
92,y__silri,149,"8,789","뷰티 ,푸드","30대, 여성(61%)","2,637 (83%)","3,165",36.01%,2.36%,2.2,,,,,,,,,,,,
93,s.he2__,151,"3,221","일상 ,뷰티, 키즈","30대, 여성(76%)","1,435 (83%)","1,722",53.46%,7.86%,0.4,,,,,,,,,,,,
94,hay_yoon.k,152,"5,716","일상 ,패션, 뷰티","30대, 여성(63%)","1,272 (10%)","12,816",224.21%,10.17%,0.6,,,,,,,,,,,,
95,gimdaedol,153,"3,332",일상 패션,"30대, 여성(89%)","1,861 (91%)","2,037",61.13%,8.20%,0.5,,,,,,,,,,,,
96,greatgny,154,"7,974",,"30대, 여성(62%)","4,784 (83%)","5,740",71.98%,7.62%,8.3,,,,,,,,,,,,
97,ssenseboy,155,"3,921",패션,"30대, 여성(70%)","1,809 (31%)","5,843",149.02%,8.14%,0.4,,,,,,,,,,,,
98,jung.chelin,155,"9,261","푸드 ,기타","30대, 여성(73%)","4,206 (76%)","5,516",59.56%,3.36%,1.3,,,,,,,,,,,,
99,talk_sj,156,"7,765","일상 ,동물, 푸드","30대, 여성(56%)","1,500 (83%)","1,800",23.18%,2.91%,0.5,,,,,,,,,,,,
100,seoulbotanicpark,158,"9,384",,"30대, 여성(67%)","7,315 (99%)","7,395",78.80%,1.10%,3,,,,,,,,,,,,
101,zeroseo_o,160,"3,865","일상 ,패션, 푸드","30대, 여성(74%)","1,060 (44%)","2,412",62.41%,1.65%,8.3,,,,,,,,,,,,
102,hkgraphy_,162,"3,257",,"30대, 여성(77%)","1,301 (83%)","1,561",47.93%,12.32%,15.2,,,,,,,,,,,,
103,yuaring,163,"9,635","뷰티 ,일상","30대, 여성(74%)","3,030 (83%)","3,636",37.74%,0.72%,0.9,,,,,,,,,,,,
104,j__w.on,164,"5,585","일상 ,패션, 푸드","30대, 여성(90%)","1,664 (83%)","1,996",35.74%,12.89%,1,,,,,,,,,,,,
105,625_jh,165,"4,008","일상 ,여행, 뷰티","30대, 여성(66%)","1,256 (42%)","2,996",74.75%,6.20%,0.9,,,,,,,,,,,,
106,lavue__ge,165,"3,975","일상 ,여행, 푸드","30대, 여성(70%)","1,241 (83%)","1,489",37.46%,4.56%,0.4,,,,,,,,,,,,
107,nmong__,166,"8,457","일상 ,푸드, 동물","30대, 여성(79%)","5,062 (76%)","6,665",78.81%,7.45%,0.7,,,,,,,,,,,,
108,gold_ju__,171,"9,187","스포츠 ,일상, 패션","30대, 여성(84%)","3,794 (83%)","4,553",49.56%,0.62%,0.5,,,,,,,,,,,,
109,lune_de_j,171,"8,065",패션,"30대, 여성(85%)","5,529 (22%)","25,085",311.04%,1.71%,0.3,,,,,,,,,,,,
110,4yyyyoon,175,"7,524","일상 ,뷰티, 패션","20대, 여성(63%)","2,513 (83%)","3,015",40.07%,4.97%,0.6,,,,,,,,,,,,
111,yena._.yenn,176,"8,640","여행 ,일상, 예술","30대, 여성(73%)","3,658 (87%)","4,221",48.85%,2.22%,1.8,,,,,,,,,,,,
112,da__heart,177,"7,792","패션 ,일상, 뷰티","20대, 여성(80%)","2,640 (35%)","7,643",98.09%,0.99%,4.8,,,,,,,,,,,,
113,near.and,181,"5,431","일상 ,뷰티, 여행","30대, 여성(59%)","1,494 (19%)","7,703",141.83%,2.50%,1.7,,,,,,,,,,,,
114,muk_zzanggu_ploonet,182,"3,776",푸드,"30대, 여성(73%)","1,415 (83%)","1,698",44.97%,26.07%,0.2,,,,,,,,,,,,
115,ilcheonkwon,184,"4,553","일상 ,여행, 푸드","30대, 여성(71%)","2,311 (52%)","4,480",98.40%,3.48%,0.4,,,,,,,,,,,,
116,euj._.2,188,"5,286",스포츠,"30대, 남성(68%)","1,539 (14%)","10,704",202.50%,5.22%,0.8,,,,,,,,,,,,
117,noaharu49,189,"7,832","패션 ,기타","20대, 여성(55%)","2,904 (49%)","5,874",75.00%,5.36%,1.5,,,,,,,,,,,,
118,flavoored,190,"3,111","일상 ,패션, 여행","30대, 여성(75%)","1,512 (32%)","4,676",150.31%,22.46%,1,,,,,,,,,,,,
119,j859723,191,"4,903","키즈 ,푸드","10대, 여성(75%)","1,114 (83%)","1,337",27.27%,2.10%,4.8,,,,,,,,,,,,
120,jyou_yoo,192,"3,641","일상 ,패션","30대, 남성(61%)","1,542 (3%)","47,118",1294.10%,5.10%,0.4,,,,,,,,,,,,
121,modest_barista,192,"7,374","푸드 ,일상, 홈리빙","30대, 여성(86%)","2,716 (83%)","3,259",44.20%,2.97%,1,,,,,,,,,,,,
122,euntokkl,196,"6,587","일상 ,패션","30대, 여성(57%)","2,020 (59%)","3,420",51.92%,3.45%,0.5,,,,,,,,,,,,
123,lovelysunny888,196,"7,449","일상 ,여행, 키즈","30대, 여성(65%)","1,680 (83%)","2,016",27.06%,2.51%,0.7,,,,,,,,,,,,
124,nineware.official,196,"7,642","홈리빙 ,푸드","30대, 여성(87%)","4,288 (71%)","5,998",78.49%,1.96%,0.3,,,,,,,,,,,,
125,xxjh95_choi,206,"3,378","일상 ,패션","30대, 여성(55%)","1,395 (78%)","1,784",52.81%,8.05%,0.6,,,,,,,,,,,,
126,sseon_33,210,"2,928","일상 ,패션","10대, 여성(68%)",613 (83%),736,25.14%,4.52%,0.3,,,,,,,,,,,,
127,stellaandchewyskorea,215,"6,719",,"30대, 여성(72%)","4,031 (83%)","4,837",71.99%,2.38%,2.5,,,,,,,,,,,,
128,kimyongcheol_0,216,"6,832","푸드 ,일상","30대, 여성(70%)","1,362 (83%)","1,635",23.93%,9.29%,0.7,,,,,,,,,,,,
129,99_ch_y,223,"3,538","일상 ,여행","20대, 여성(81%)","1,500 (57%)","2,633",74.42%,4.77%,0.5,,,,,,,,,,,,
130,ravi___v,224,"4,692","뷰티 ,일상","30대, 여성(75%)",,"2,418",51.53%,2.25%,2.3,,,,,,,,,,,,
131,bestar_jh,224,"7,010","일상 ,뷰티, 푸드","30대, 여성(61%)","2,003 (83%)","2,404",34.29%,4.57%,0.7,,,,,,,,,,,,
132,matshullang,229,"9,310","푸드 ,기타","30대, 여성(75%)","3,613 (64%)","5,621",60.38%,3.98%,0.3,,,,,,,,,,,,
133,by.sunset,235,"6,905","홈리빙 ,일상","30대, 여성(86%)","3,959 (83%)","4,751",68.81%,3.28%,0.8,,,,,,,,,,,,
134,yeerin.s,237,"5,246","패션 ,푸드","30대, 여성(52%)","3,038 (83%)","3,646",69.50%,7.43%,0.7,,,,,,,,,,,,
135,allblvck_viva,238,"8,777",,"30대, 남성(61%)","3,174 (38%)","8,296",94.52%,8.13%,1.4,,,,,,,,,,,,
136,bobolagtino,239,"8,529","일상 ,여행, 키즈","30대, 여성(81%)","3,866 (83%)","4,639",54.39%,5.63%,1.3,,,,,,,,,,,,
137,u_cong_ss,240,"4,215",,"30대, 여성(87%)","1,912 (31%)","6,157",146.07%,4.47%,0.4,,,,,,,,,,,,
138,mi____ya_,242,"8,352","여행 ,일상","30대, 여성(71%)","3,758 (10%)","39,150",468.75%,2.71%,0.9,,,,,,,,,,,,
139,yoontree15,243,"3,489","키즈 ,푸드","40대, 여성(65%)","1,255 (13%)","9,968",285.70%,6.21%,1.2,,,,,,,,,,,,
140,izzi_fit,245,"4,706","키즈 ,패션","30대, 여성(74%)","2,823 (83%)","3,388",71.99%,0.45%,0.3,,,,,,,,,,,,
141,madem_oisell_e,246,"9,559","일상 ,패션, 기타","20대, 여성(73%)","1,162 (20%)","5,863",61.33%,4.02%,0.5,,,,,,,,,,,,
142,studiomotiff,248,"9,351","홈리빙 ,키즈","30대, 여성(83%)","3,037 (83%)","3,645",38.98%,0.88%,1,,,,,,,,,,,,
143,27__simone,252,"3,765","패션 ,뷰티, 여행","30대, 여성(77%)",637 (83%),764,20.29%,6.40%,9.1,,,,,,,,,,,,
144,parksangchu,254,"8,061",일상,"30대, 여성(85%)","1,998 (83%)","2,398",29.75%,3.79%,1.2,,,,,,,,,,,,
145,mangoling_go,256,"6,005","동물 ,뷰티,","30대, 여성(87%)","4,975 (68%)","7,363",122.61%,7.15%,1.8,,,,,,,,,,,,
146,likeat_wons96,256,"9,962",푸드,"30대, 여성(82%)","3,514 (83%)","4,216",42.32%,2.23%,0.4,,,,,,,,,,,,
147,soospace_,258,"9,769",푸드,"30대, 여성(84%)","4,666 (19%)","24,332",249.07%,3.33%,0.7,,,,,,,,,,,,
148,yb._.table,264,"8,316","푸드 ,기타","30대, 여성(85%)","5,397 (33%)","16,274",195.70%,3.84%,0.8,,,,,,,,,,,,
149,subnii,271,"9,392","일상 ,뷰티","30대, 여성(66%)","2,527 (58%)","4,327",46.07%,1.03%,1.4,,,,,,,,,,,,
150,mangoshomekitchen,272,"6,183",푸드,"50대, 여성(71%)","2,489 (83%)","2,987",48.31%,6.65%,1.2,,,,,,,,,,,,
151,hayeonnn___,274,"9,785","일상 ,여행, 뷰티","30대, 남성(54%)","2,936 (74%)","3,973",40.60%,6.58%,0.9,,,,,,,,,,,,
152,han__spoon__,276,"8,740",푸드,"20대, 여성(82%)","5,150 (53%)","9,748",111.53%,5.29%,0.4,,,,,,,,,,,,
153,064_steady,288,"9,466",패션,"20대, 여성(65%)","7,951 (77%)","10,313",108.95%,3.82%,1,,,,,,,,,,,,
154,jay_yj_w,289,"8,784",,"30대, 여성(69%)","5,227 (83%)","6,272",71.40%,6.15%,0.5,,,,,,,,,,,,
155,yonghee___,290,"3,663",푸드,"30대, 여성(73%)","2,266 (77%)","2,945",80.40%,5.44%,0.5,,,,,,,,,,,,
156,sun_hee_5004,295,"3,025",푸드,"40대, 여성(68%)","2,540 (17%)","14,895",492.40%,7.84%,0.6,,,,,,,,,,,,
157,tiffanys3o,299,"3,410","일상 ,패션, 여행","30대, 여성(65%)",643 (15%),"4,154",121.82%,1.03%,0.6,,,,,,,,,,,,
158,miya_home_,307,"7,285","홈리빙 ,일상","30대, 여성(81%)","3,644 (83%)","4,372",60.01%,3.08%,1.2,,,,,,,,,,,,
159,hoo____chu,307,"8,577",동물 일상,"20대, 여성(82%)","3,816 (83%)","4,579",53.39%,5.19%,0.3,,,,,,,,,,,,
160,boldun_,316,"4,368",홈리빙,"30대, 여성(69%)","2,075 (83%)","2,490",57.01%,6.22%,1.5,,,,,,,,,,,,
161,tjdgus8649,319,"7,954","일상 ,여행, 푸드","20대, 여성(75%)","3,309 (83%)","3,970",49.91%,7.49%,1.4,,,,,,,,,,,,
162,heeetae_,323,"6,834","푸드 ,엔터테인먼트","20대, 여성(85%)","4,095 (83%)","4,914",71.91%,3.02%,1.4,,,,,,,,,,,,
163,sinb155,339,"4,310","뷰티 ,일상","50대, 여성(53%)",892 (83%),"1,070",24.83%,5.01%,0.4,,,,,,,,,,,,
164,es___0206,342,"4,584","일상 ,여행, 푸드","40대, 남성(53%)","1,808 (49%)","3,723",81.22%,4.82%,0.3,,,,,,,,,,,,
165,leon___choi,342,"3,509","동물 ,여행","20대, 여성(76%)","2,105 (83%)","2,526",71.99%,16.13%,1.6,,,,,,,,,,,,
166,kkang_photo,346,"3,756",,"30대, 남성(51%)","3,154 (11%)","29,450",784.08%,13.56%,0.5,,,,,,,,,,,,
167,labnosh.official,350,"7,551",푸드,"30대, 여성(75%)","2,427 (83%)","2,913",38.58%,0.63%,1.3,,,,,,,,,,,,
168,jj20181008,354,"7,266","일상 ,여행, 푸드","30대, 남성(59%)","1,329 (83%)","1,594",21.94%,6.13%,3.4,,,,,,,,,,,,
169,fourseasonskorea,354,"9,832",,"30대, 여성(75%)","5,890 (83%)","7,068",71.89%,0.93%,0.7,,,,,,,,,,,,
170,gimyo.dmg,354,"7,016","패션 ,일상, 뷰티","30대, 여성(66%)","1,642 (83%)","1,970",28.08%,2.48%,2.5,,,,,,,,,,,,
171,jeong_ji.y,356,"4,590","일상 ,예술","30대, 여성(60%)","1,342 (83%)","1,610",35.08%,6.13%,0.6,,,,,,,,,,,,
172,1212g12,361,"4,503","일상 ,패션, 여행","30대, 여성(76%)","2,215 (83%)","2,658",59.03%,7.95%,2.3,,,,,,,,,,,,
173,rovely_______,362,"4,093","키즈 ,홈리빙","10대, 여성(76%)","3,331 (89%)","3,749",91.60%,2.93%,1.1,,,,,,,,,,,,
174,seunghyunn2016,372,"4,146","푸드 ,예술","20대, 여성(82%)","1,683 (49%)","3,463",83.53%,4.80%,0.4,,,,,,,,,,,,
175,hana_star_gram,372,"6,372","키즈 ,일상","30대, 여성(79%)","1,699 (83%)","2,038",31.98%,5.62%,0.2,,,,,,,,,,,,
176,c._.miiii,373,"5,553","일상 ,패션, 뷰티","30대, 여성(70%)",832 (13%),"6,219",111.99%,1.94%,3.8,,,,,,,,,,,,
177,______saemyi,374,"9,240","패션 ,일상, 푸드","30대, 여성(76%)","2,430 (83%)","2,916",31.56%,0.84%,0.7,,,,,,,,,,,,
178,baby._.chacha,376,"3,732",키즈,"10대, 여성(74%)",890 (83%),"1,068",28.62%,3.16%,0.5,,,,,,,,,,,,
179,__ybom_,378,"5,363","일상 ,뷰티, 여행","30대, 여성(85%)","3,200 (51%)","6,301",117.49%,4.73%,1.4,,,,,,,,,,,,
180,es___0206,379,"4,805","일상 ,여행, 푸드","40대, 남성(53%)","1,808 (49%)","3,723",77.48%,4.82%,0.3,,,,,,,,,,,,
181,jc.hx2,382,"9,228",일상,"30대, 여성(75%)","1,192 (34%)","3,527",38.22%,0.86%,1.2,,,,,,,,,,,,
182,jeong_ji.y,383,"4,490","일상 ,예술","30대, 여성(60%)","1,342 (83%)","1,610",35.86%,6.13%,0.6,,,,,,,,,,,,
183,jihyun.world,384,"5,297",푸드,"30대, 여성(66%)","2,062 (91%)","2,275",42.95%,4.50%,1.3,,,,,,,,,,,,
184,cafe_allonge_,384,"4,097","푸드 ,일상, 홈리빙","30대, 여성(79%)",930 (83%),"1,116",27.24%,6.98%,0.4,,,,,,,,,,,,
185,eiderkids.official,392,"7,853",,"10대, 여성(68%)","4,711 (83%)","5,653",71.99%,0.86%,8.3,,,,,,,,,,,,
186,kongmistar,394,"4,354","일상 ,예술, 패션","30대, 남성(62%)","1,579 (56%)","2,818",64.72%,5.39%,0.4,,,,,,,,,,,,
187,manufact_official,412,"9,771",홈리빙,"30대, 여성(80%)","6,352 (83%)","7,623",78.02%,1.62%,1.5,,,,,,,,,,,,
188,yeo_dong_gu,414,"9,045","스포츠 ,교육","30대, 여성(79%)","6,254 (83%)","7,505",82.97%,2.04%,0.4,,,,,,,,,,,,
189,rucygray,415,"7,024",,"20대, 여성(79%)","5,593 (92%)","6,098",86.82%,5.47%,5.1,,,,,,,,,,,,
190,tiolio_official,437,"9,531","동물 ,패션","30대, 여성(84%)","3,018 (83%)","3,622",38.00%,1.45%,0.6,,,,,,,,,,,,
191,clarinskorea,440,"7,117",,"30대, 여성(82%)","4,136 (83%)","4,963",69.73%,3.88%,4.3,,,,,,,,,,,,
192,zoah.u,444,"6,196","일상 ,뷰티, 여행","30대, 여성(71%)","1,201 (13%)","9,507",153.44%,3.31%,1,,,,,,,,,,,,
193,dreamean._.j,445,"4,753",,"30대, 여성(55%)","2,130 (83%)","2,578",54.24%,7.45%,0.5,,,,,,,,,,,,
194,_dietsally,455,"9,367",푸드,"30대, 여성(86%)","5,986 (93%)","6,434",68.69%,1.09%,1.1,,,,,,,,,,,,
195,jy.muse,460,"3,967","홈리빙 ,일상, 키즈","30대, 여성(81%)","2,820 (83%)","3,384",85.30%,3.26%,0.8,,,,,,,,,,,,
196,jjuniheoni,460,"7,023","푸드 ,여행, 일상","30대, 여성(66%)","3,712 (72%)","5,130",73.05%,4.11%,1.7,,,,,,,,,,,,
197,j_j.kkim,463,"8,903","푸드 ,일상","20대, 여성(83%)","3,861 (83%)","4,633",52.04%,1.23%,1.5,,,,,,,,,,,,
198,siwolstudio,477,"7,644",예술,"30대, 여성(77%)","2,853 (53%)","5,424",70.96%,3.22%,1.1,,,,,,,,,,,,
199,96sy_lll,479,"7,338","푸드 ,기타","20대, 여성(70%)","6,163 (29%)","20,913",285.00%,2.79%,2.6,,,,,,,,,,,,
200,nutrigram_ng,490,"9,837",,"20대, 여성(89%)","8,420 (81%)","10,338",105.09%,1.66%,2.1,,,,,,,,,,,,
201,hyerong____,490,"5,433",예술,"30대, 여성(69%)","2,349 (73%)","3,208",59.05%,5.64%,0.5,,,,,,,,,,,,
202,j.anuary_,491,"9,234",,"20대, 여성(88%)","3,802 (83%)","4,562",49.40%,3.33%,0.4,,,,,,,,,,,,
203,kiulki_pic,493,"8,760",,"30대, 여성(64%)","5,078 (83%)","6,094",69.57%,3.48%,0.9,,,,,,,,,,,,
204,melissa080914,500,"9,843",푸드,"30대, 여성(79%)","3,495 (83%)","4,194",42.61%,2.18%,0.5,,,,,,,,,,,,
205,iyumiyumi,504,"4,113","뷰티 ,예술","30대, 여성(79%)","2,438 (83%)","2,925",71.12%,9.93%,0.5,,,,,,,,,,,,
206,taekwonv.kim,506,"4,596",푸드,"40대, 여성(70%)","1,187 (83%)","1,424",30.98%,7.05%,0.3,,,,,,,,,,,,
207,iiicat123iii,506,"3,594","일상 ,여행, 뷰티","30대, 여성(63%)","1,434 (73%)","1,964",54.65%,3.52%,0.3,,,,,,,,,,,,
208,woosra,506,"8,753",,"40대, 여성(54%)","7,365 (44%)","16,653",190.25%,5.83%,3.8,,,,,,,,,,,,
209,dancing.snail,508,"9,865",,"30대, 여성(80%)","7,125 (69%)","10,391",105.33%,2.55%,1.3,,,,,,,,,,,,
210,dlqmssys,509,"5,289","일상 ,팬시완구, 홈리빙","30대, 여성(77%)","1,498 (83%)","1,798",34.00%,1.49%,0.5,,,,,,,,,,,,
211,zzh_wzz,524,"5,631",,"30대, 여성(73%)","4,729 (12%)","39,182",695.83%,3.88%,0.5,,,,,,,,,,,,
212,_s_oda,524,"7,474",,"20대, 여성(88%)","3,128 (31%)","10,233",136.91%,2.69%,0.5,,,,,,,,,,,,
213,yunu_mami,526,"8,525","키즈 ,뷰티, 동물","30대, 여성(84%)","3,104 (83%)","3,725",43.70%,1.84%,1.4,,,,,,,,,,,,
214,le__fleurs,530,"3,865","일상 ,키즈, 뷰티","30대, 여성(53%)","1,436 (39%)","3,660",94.70%,5.04%,0.8,,,,,,,,,,,,
215,mindol__,534,"7,908",,"30대, 여성(75%)","7,137 (77%)","9,249",116.96%,1.37%,0.9,,,,,,,,,,,,
216,ma.neul_,536,"9,620",,"30대, 여성(77%)","8,296 (86%)","9,620",100.00%,6.22%,1.1,,,,,,,,,,,,
217,juza2345,537,"3,852","여행 ,푸드, 홈리빙","20대, 여성(92%)","3,235 (17%)","18,764",487.12%,7.40%,1.5,,,,,,,,,,,,
218,jy.muse,539,"4,077","홈리빙 ,일상, 키즈","30대, 여성(81%)","2,820 (83%)","3,384",83.00%,3.26%,0.8,,,,,,,,,,,,
219,_floor27_,549,"4,935","일상 ,동물, 홈리빙","30대, 여성(76%)","1,623 (83%)","1,947",39.45%,2.71%,0.3,,,,,,,,,,,,
220,j.anuary_,567,"9,108",,"20대, 여성(88%)","3,802 (83%)","4,562",50.09%,3.33%,0.4,,,,,,,,,,,,
221,__seoha__mom,568,"8,496","일상 ,키즈, 홈리빙","30대, 여성(71%)","1,589 (83%)","1,906",22.43%,2.05%,0.8,,,,,,,,,,,,
222,beatyou_j,569,"8,705","패션 ,엔터테인먼트, 뷰티","30대, 여성(61%)",75 (4%),"1,923",22.09%,2.06%,0.6,,,,,,,,,,,,
223,u_cong_ss,571,"3,604",,"30대, 여성(87%)","1,912 (31%)","6,157",170.84%,4.47%,0.4,,,,,,,,,,,,
224,heartener.kr,572,"4,591",푸드,"30대, 여성(90%)","3,234 (72%)","4,464",97.23%,2.29%,0.8,,,,,,,,,,,,
225,siiikkkk,580,"8,592",,"30대, 남성(51%)","4,948 (28%)","17,785",206.99%,2.52%,1,,,,,,,,,,,,
226,day.yj,584,"5,040","푸드 ,일상, 여행","30대, 여성(82%)","3,435 (83%)","4,122",81.79%,3.83%,2.6,,,,,,,,,,,,
227,chipmunk.mk,584,"8,433","일상 ,뷰티, 여행","30대, 여성(80%)","3,841 (83%)","4,609",54.65%,2.93%,1.2,,,,,,,,,,,,
228,mejong.table,588,"9,950",푸드,"20대, 여성(84%)","4,848 (52%)","9,286",93.33%,2.44%,3.4,,,,,,,,,,,,
229,melkinsports,595,"9,132",스포츠,"20대, 여성(77%)","2,373 (83%)","2,848",31.19%,1.56%,0.5,,,,,,,,,,,,
230,89.byw,598,"9,773","일상 ,여행, 푸드","20대, 여성(89%)","4,078 (83%)","4,893",50.07%,5.65%,0.1,,,,,,,,,,,,
231,gggg.som,602,"9,401",,"30대, 여성(76%)","4,893 (83%)","5,872",62.46%,2.39%,3.8,,,,,,,,,,,,
232,daily.mui,603,"6,567",,"30대, 여성(87%)","4,580 (7%)","69,733",1061.87%,5.73%,0.5,,,,,,,,,,,,
233,diary9494,610,"8,726","스포츠 ,패션","30대, 여성(72%)","4,572 (66%)","6,927",79.38%,5.21%,0.4,,,,,,,,,,,,
234,baennew,622,"5,737","여행 ,패션, 동물","30대, 여성(75%)","2,935 (83%)","3,522",61.39%,5.59%,1.4,,,,,,,,,,,,
235,eun_d.s,633,"6,565","일상 ,뷰티, 푸드","30대, 여성(80%)","1,877 (83%)","2,253",34.32%,6.33%,1.8,,,,,,,,,,,,
236,rhkdgus,636,"4,308",,"20대, 여성(82%)","1,282 (18%)","6,996",162.40%,3.61%,3,,,,,,,,,,,,
237,mino_camp,647,"9,765","여행 ,홈리빙","40대, 여성(60%)","4,358 (83%)","5,230",53.56%,4.91%,0.4,,,,,,,,,,,,
238,sanghafarm,658,"3,860",푸드,"30대, 여성(82%)","2,550 (51%)","4,964",128.60%,1.04%,0.4,,,,,,,,,,,,
239,muk_rim2000,662,"4,336",푸드,"30대, 여성(74%)","1,533 (38%)","3,988",91.97%,3.44%,2.1,,,,,,,,,,,,
240,nuri_duri,663,"6,838","동물 ,일상","20대, 여성(76%)",9 (82%),11,0.16%,8.03%,0.5,,,,,,,,,,,,
241,soo.film_,664,"6,580",,"20대, 여성(76%)","2,593 (45%)","5,736",87.17%,7.18%,1.9,,,,,,,,,,,,
242,kongdak_home,678,"9,461","홈리빙 ,일상, 키즈","10대, 여성(76%)","3,151 (83%)","3,781",39.96%,0.88%,9.1,,,,,,,,,,,,
243,lhr2346,680,"9,627",,"10대, 여성(73%)","6,546 (83%)","7,855",81.59%,1.65%,3.5,,,,,,,,,,,,
244,yulee2329,688,"9,811","키즈 ,동물, 푸드","30대, 여성(71%)","2,103 (83%)","2,524",25.73%,3.14%,2.1,,,,,,,,,,,,
245,sobright_,689,"8,474",,"20대, 여성(84%)","5,096 (49%)","10,445",123.26%,4.20%,2.5,,,,,,,,,,,,
246,doruhoho__,696,"9,062","키즈 ,일상, 뷰티","10대, 여성(70%)","1,996 (83%)","2,395",26.43%,1.04%,1.9,,,,,,,,,,,,
247,greentea._.lover,696,"9,822",푸드,"20대, 여성(86%)","3,735 (83%)","4,482",45.63%,2.92%,0.5,,,,,,,,,,,,
248,luv_j.won,700,"4,038","푸드 ,여행, 키즈","30대, 여성(75%)","1,061 (83%)","1,273",31.53%,5.23%,0.4,,,,,,,,,,,,
249,hye1won_,716,"6,404","일상 ,푸드","30대, 여성(64%)","3,204 (83%)","3,869",60.42%,4.80%,0.3,,,,,,,,,,,,
250,d__kyong,735,"8,863",푸드,"30대, 여성(82%)","2,887 (83%)","3,464",39.08%,1.56%,2.4,,,,,,,,,,,,
251,hajunggg,744,"8,107","푸드 ,일상","30대, 여성(88%)","3,679 (68%)","5,435",67.04%,3.33%,1.3,,,,,,,,,,,,
252,window___,774,"6,883","스포츠 ,일상, 뷰티","30대, 남성(58%)",104 (84%),124,1.80%,8.76%,3.6,,,,,,,,,,,,
253,pengsooo_ssol,792,"8,149",엔터테인먼트,"30대, 여성(75%)",74 (83%),89,1.09%,7.25%,0.7,,,,,,,,,,,,
254,kissy924,792,"8,300",여행,"10대, 여성(62%)","6,146 (83%)","7,375",88.86%,14.04%,0.8,,,,,,,,,,,,
255,lee_sejin7,793,"2,743","일상 ,여행, 푸드","30대, 여성(69%)",840 (31%),"2,725",99.34%,1.01%,0.3,,,,,,,,,,,,
256,eun_lauren_,893,"9,187","패션 ,일상,","30대, 여성(59%)","2,047 (5%)","39,897",434.28%,8.93%,0.4,,,,,,,,,,,,
257,originskorea,905,"8,886",,"30대, 여성(81%)","5,331 (83%)","6,397",71.99%,8.37%,2.4,,,,,,,,,,,,
258,crescent7733,915,"8,353",,"30대, 여성(84%)","6,596 (78%)","8,491",101.65%,3.88%,3.1,,,,,,,,,,,,
259,elsa88,917,"4,301","일상 ,키즈, 팬시완구","10대, 여성(78%)","1,950 (83%)","2,340",54.41%,1.42%,0.5,,,,,,,,,,,,
260,lovely_yunlee,924,"8,352","일상 ,뷰티, 푸드","30대, 여성(76%)","2,740 (83%)","3,288",39.37%,3.54%,0.1,,,,,,,,,,,,
261,ssssinsa,925,"3,845","일상 ,패션, 여행","30대, 여성(77%)","1,858 (51%)","3,679",95.68%,4.23%,0.3,,,,,,,,,,,,
262,seolcangho,937,"4,850",,"30대, 여성(90%)","4,074 (31%)","13,071",269.51%,6.62%,0.5,,,,,,,,,,,,
263,jistagram0311,942,"8,030",,"20대, 여성(57%)","2,365 (53%)","4,486",55.87%,6.10%,1.1,,,,,,,,,,,,
264,pro_okk,945,"6,691",,"20대, 여성(59%)","1,743 (83%)","2,092",31.27%,1.02%,0.4,,,,,,,,,,,,
265,jejuphotoplayground,961,"8,608",,"30대, 여성(77%)","5,118 (83%)","6,142",71.35%,1.82%,4.6,,,,,,,,,,,,
266,camper_hero,962,"4,686",,"30대, 여성(68%)","1,720 (67%)","2,553",54.48%,9.11%,0.7,,,,,,,,,,,,
267,jaesub2,977,"7,946","여행 ,푸드","30대, 여성(59%)","3,934 (83%)","4,720",59.40%,4.16%,0.6,,,,,,,,,,,,
268,_seulgram,998,"3,215","푸드 ,일상","30대, 여성(87%)","1,760 (53%)","3,328",103.51%,3.68%,1,,,,,,,,,,,,
269,beombi_sodam_homerun,"1,032","4,887",동물,"30대, 여성(80%)","1,909 (83%)","2,290",46.86%,2.16%,0.7,,,,,,,,,,,,
270,seul.__,"1,053","8,183","푸드 ,일상","20대, 여성(77%)","3,818 (73%)","5,206",63.62%,3.82%,7,,,,,,,,,,,,
271,mono_tani,"1,133","5,789","홈리빙 ,푸드, 여행","30대, 여성(54%)","1,131 (14%)","7,852",135.64%,1.60%,0.5,,,,,,,,,,,,
272,yayayay_step,"1,161","8,628","푸드 ,여행","40대, 남성(61%)","7,246 (27%)","27,095",314.04%,3.48%,0.7,,,,,,,,,,,,
273,bloom_35,"1,176","9,326","홈리빙 ,일상, 팬시완구","40대, 여성(89%)","3,277 (83%)","3,932",42.16%,1.01%,0.7,,,,,,,,,,,,
274,mrsyoo711,"1,188","8,984","키즈 ,일상, 푸드","20대, 여성(74%)","2,812 (83%)","3,374",37.56%,1.80%,0.5,,,,,,,,,,,,
275,dotonearth,"1,214","4,355","패션 ,일상","20대, 여성(60%)",40 (4%),"1,027",23.58%,2.40%,0.9,,,,,,,,,,,,
276,runa32257644,"1,310","4,722","일상 ,키즈","10대, 여성(74%)","1,540 (83%)","1,848",39.14%,5.03%,3.6,,,,,,,,,,,,
277,gray_forest_story,"1,421","9,032",홈리빙,"30대, 여성(79%)","2,602 (83%)","3,122",34.57%,0.89%,2.5,,,,,,,,,,,,
278,jumeaupapa,"1,446","7,326","홈리빙 ,일상, 키즈","30대, 여성(81%)","2,130 (83%)","2,556",34.89%,1.06%,4.8,,,,,,,,,,,,
279,grampus1999,"1,454","8,070",,"30대, 여성(50%)","3,977 (83%)","4,773",59.14%,2.60%,1,,,,,,,,,,,,
280,the_local_eater,"1,464","9,903","푸드 ,일상","40대, 여성(85%)","3,412 (83%)","4,095",41.35%,1.34%,8.3,,,,,,,,,,,,
281,llllllljin0703,"1,473","8,264","동물 ,일상, 패션","30대, 여성(80%)","2,461 (83%)","2,953",35.73%,2.17%,0.5,,,,,,,,,,,,
282,_jademina,"1,565","8,157",,"10대, 여성(78%)","2,696 (83%)","3,235",39.66%,0.63%,0.5,,,,,,,,,,,,
283,sungmin3103,"1,601","8,254",,"30대, 여성(64%)","3,955 (63%)","6,265",75.90%,3.49%,0.4,,,,,,,,,,,,
284,dodohara_doha,"1,622","9,282","키즈 ,일상, 푸드","30대, 여성(74%)","2,672 (83%)","3,207",34.55%,2.03%,0.4,,,,,,,,,,,,
285,jys___,"1,782","8,525","푸드 ,기타","20대, 여성(72%)","3,015 (26%)","11,739",137.70%,1.89%,2.3,,,,,,,,,,,,
286,kei.koo_,"1,979","9,264",,"30대, 여성(79%)","2,373 (83%)","2,847",30.73%,1.90%,0.6,,,,,,,,,,,,
287,xligoonx,"2,041","8,325","푸드 ,여행","30대, 여성(66%)",139 (6%),"2,175",26.13%,0.49%,0.5,,,,,,,,,,,,
288,xligoonx,"2,070","8,519","푸드 ,여행","30대, 여성(66%)",139 (6%),"2,175",25.53%,0.49%,0.5,,,,,,,,,,,,
289,dear_puppy_,"2,313","8,446",동물,"30대, 여성(81%)","2,364 (83%)","2,836",33.58%,1.14%,0.6,,,,,,,,,,,,
290,lovechsn,"2,422","9,653",홈리빙 푸드,"30대, 여성(78%)","3,257 (83%)","3,908",40.48%,1.03%,1.8,,,,,,,,,,,,
291,chemi_onedoo,"2,580","9,158","동물 ,일상","30대, 여성(59%)","3,472 (83%)","4,167",45.50%,1.20%,0.5,,,,,,,,,,,,
292,jiae_eye,"3,436","9,117","일상 ,키즈, 홈리빙","20대, 여성(92%)",358 (12%),"2,995",32.85%,0.18%,0.9,,,,,,,,,,,,
293,le.belle.art,"4,189","8,854",뷰티,"20대, 여성(88%)","4,024 (83%)","4,829",54.54%,0.01%,45.5,,,,,,,,,,,,
294,ra____mi,"4,501","9,195",패션,"20대, 여성(88%)",374 (15%),"2,439",26.53%,0.81%,0.4,,,,,,,,,,,,
,,,,,,,,,,,,,,,,,,,,,,
,,,,,,,,,,,,,,,,,,,,,,
,,,,,,,,,,,,,,,,,,,,,,
,,,,,,,,,,,,,,,,,,,,,,
,,,,,,,,,,,,,,,,,,,,,,
,,,,,,,,,,,,,,,,,,,,,,
,,,,,,,,,,,,,,,,,,,,,,
,,,,,,,,,,,,,,,,,,,,,,
,,,,,,,,,,,,,,,,,,,,,,
,,,,,,,,,,,,,,,,,,,,,,
,,,,,,,,,,,,,,,,,,,,,,
,,,,,,,,,,,,,,,,,,,,,,
,,,,,,,,,,,,,,,,,,,,,,
,,,,,,,,,,,,,,,,,,,,,,
,,,,,,,,,,,,,,,,,,,,,,
,,,,,,,,,,,,,,,,,,,,,,
,,,,,,,,,,,,,,,,,,,,,,
,,,,,,,,,,,,,,,,,,,,,,
,,,,,,,,,,,,,,,,,,,,,,
,,,,,,,,,,,,,,,,,,,,,,
,,,,,,,,,,,,,,,,,,,,,,
,,,,,,,,,,,,,,,,,,,,,,
,,,,,,,,,,,,,,,,,,,,,,
,,,,,,,,,,,,,,,,,,,,,,
,,,,,,,,,,,,,,,,,,,,,,
,,,,,,,,,,,,,,,,,,,,,,
,,,,,,,,,,,,,,,,,,,,,,
,,,,,,,,,,,,,,,,,,,,,,
,,,,,,,,,,,,,,,,,,,,,,
,,,,,,,,,,,,,,,,,,,,,,
,,,,,,,,,,,,,,,,,,,,,,
,,,,,,,,,,,,,,,,,,,,,,
,,,,,,,,,,,,,,,,,,,,,,
,,,,,,,,,,,,,,,,,,,,,,
,,,,,,,,,,,,,,,,,,,,,,
,,,,,,,,,,,,,,,,,,,,,,
,,,,,,,,,,,,,,,,,,,,,,
,,,,,,,,,,,,,,,,,,,,,,
,,,,,,,,,,,,,,,,,,,,,,
,,,,,,,,,,,,,,,,,,,,,,
,,,,,,,,,,,,,,,,,,,,,,
,,,,,,,,,,,,,,,,,,,,,,
