hashtag,count
없음,39589
일상,411
좋아요,256
소통,246
맞팔,225
데일리,173
팔로우,133
ootd,124
daily,119
인친,117
선팔하면맞팔,113
선팔,110
좋아요반사,108
육아소통,107
셀카,106
selfie,106
멍스타그램,102
반려견,100
셀스타그램,99
육아,96
맛스타그램,93
강아지,89
좋아요 ,84
육아스타그램,83
먹스타그램,82
아들스타그램,81
일상 ,80
운동하는남자,79
좋아요반사 ,78
셀피,78
좋반 ,77
love,72
얼스타그램,72
육아소통 ,72
패션,71
일상스타그램,71
좋반,70
인친환영,70
아들맘,69
f4f,68
소통 ,68
선팔환영,67
follow,66
협찬,64
육아일상 ,64
키즈패션,62
dogstagram,60
댕댕이,59
여행,58
육아스타그램 ,57
운동하는여자,56
첫줄,54
운동스타그램 ,54
데일리그램,54
dog,53
fff,52
맞팔 ,52
주말,50
여행스타그램,49
인스타그램,49
강남,48
잠실,48
사랑해,46
카페,46
맛집,46
l4l ,46
딸스타그램,44
운동,44
여행에미치다,43
부산,43
선팔 ,43
맛집탐방,42
육아일상,42
육아맘,41
기차여행,41
해운대,41
선팔맞팔,41
셀스타그램 ,41
셀카 ,41
육아맞팔 ,41
전국여행,40
버스여행,40
일상기록,40
헬스타그램,40
패셔니스타,40
멍멍이,40
셀카그램,40
태권브이와함께,40
가족,39
딸바보아빠,39
데일리 ,39
daily ,39
아들스타그램 ,39
스타일,38
스타일그램,38
코디,38
코디스타그램,38
패피,38
cute,38
instasize,38
패션스타,38
패션그램,38
패션스타일,38
패셔니스타그램,38
키즈스타일,38
키즈패셔니스타,38
キッズファッション,38
육아일기,38
ファッション,38
셀기꾼,38
fff ,38
cutedog,38
instagood,38
키즈코디,37
강아지산책,37
개스타그램,37
팔로,37
댕댕이그램,37
baby,37
좋 ,37
인스타,37
소호네,36
도하,36
like4like,36
멍줍육남매,36
누리,36
집돌이,36
개린이,36
강아지동반,36
곽두리,36
구두리현누리,36
🐶,36
오오티디 ,36
엉뚱발랄,35
먹거리,35
팔로 ,35
먹방,35
me,34
peace,34
kids,34
맛집스타그램,34
구리,33
애견의류,33
likeforlikes ,33
소호,32
제주도,32
selca,32
followforfollowback ,32
맛집그램,32
강아지옷,31
다이어트 ,31
다이어터 ,31
coffee,31
오늘의훈남 ,30
맛집추천,30
육아는장비빨 ,30
오오티디,29
커피,29
좋반테러,29
pet,29
푸드스타일링 ,29
멜킨스포츠 ,29
티오리오,28
미지우 ,28
개일리룩,28
사진,28
petstagram,28
좋아요테러 ,28
딸바보 ,28
instagram ,28
멜킨 ,28
선팔하면맞팔 ,28
육아 ,28
디얼퍼피,27
korean ,27
황금돼지띠아기,27
좋반사,27
운동하는남자 ,27
남친짤 ,27
아들,27
selfie ,27
홍대,27
아들바보 ,27
육아소통환영 ,27
비숑,27
kfashion ,26
소호맘,26
kpop ,26
koreanboy ,26
훈남 ,26
ulzzangstyle ,26
좋테,26
첫줄반사 ,26
애견의류브랜드,26
카페투어,26
핫플투어,26
kstyle ,25
nct ,25
bias ,25
펫스타그램,25
인친 ,25
ootd ,25
f4f ,25
빵,25
instagood ,25
집밥 ,25
온더테이블 ,25
자체제작실내복,24
훈남스타그램 ,24
부산스타그램 ,24
훈남훈녀 ,24
말티즈,24
맞팔환영,24
데일리그램  ,24
dailylook,24
육아일기 ,24
딸스타그램 ,24
육아템 ,24
육아맘 ,24
홈트 ,24
홈트레이닝 ,24
압구정,24
합정,24
캐릭터밥상 ,24
캐릭터도시락  ,24
아이도시락 ,24
엄마표 ,24
요리하는여자 ,24
인스타푸드 ,24
홈메이드 ,24
맛스타그램 ,24
먹스타그램  ,24
キャラ弁 ,24
제품협찬,23
useful ,23
선팔맞팔  ,23
f4l ,23
촬영,23
식단기록 ,23
likeforlikes,23
joowon밥상 ,23
おうちごはん,23
실내복,22
instadaily,22
쌍둥이,22
자매,22
얼스타그램 ,22
감성 ,22
팔로미  ,22
다이어트식단 ,22
팔로우 ,22
육아소통해요 ,22
아이밥상 ,22
おにぎり,22
공유,21
lfl ,21
셀피 ,21
puppy,21
청담,20
likeforfollow ,20
옷스타그램,20
스튜디오,20
식단일기 ,20
비숑프리제,20
육아좋아요 ,20
자체제작아동복,19
제주살이,19
셀스타 ,19
등원룩,19
jeju,19
선팔좋아요,19
팔로우  ,19
melkin ,19
seoul,19
광고,18
좋아요그램 ,18
cafe,18
followme ,18
육퇴 ,18
baby ,18
follow4followback ,18
dailygram ,18
bread,18
오늘,18
성수동,17
ulzzang ,17
koreanulzzang ,17
가오픈,17
instagram,17
독스타그램,17
maltese,17
followｍe ,17
행복,16
고양이,16
맞팔좋아요,16
두줄반사 ,16
셀기꾼  ,16
kpop,16
만세,16
만복,16
성수동카페,16
bichonfrise,16
성수카페,16
육아맞팔해요 ,16
제주도여행,15
selstagram ,15
강아지옷쇼핑몰,15
like4likes,15
식단 ,15
petstargram,15
푸드스타그램 ,15
식단관리 ,15
bakery,15
selife,15
15그램,14
15그래머,14
제품제공,14
에르제,14
오프닝뮤즈,14
소통해요,14
필라테스,14
강아지원피스,14
딸맘,14
트레일러닝,14
에르제성수,14
빵집,14
빵스타그램,14
안녕,14
반려견 ,14
반사 ,14
일상소통 ,14
블랙,14
키즈모델,13
육아기록,13
제주,13
여름,13
딸둥이,13
제주여행,13
블랙야크,13
생일,13
성남 ,13
분당 ,13
감자마스크,13
제품무료제공,13
반사,13
얼스타 ,13
likeforlike ,13
홈트기구 ,13
강아지남매,13
펫팸족,13
홈트스타그램 ,13
바디프로필 ,13
말티즈 ,13
얼스타,13
가오픈카페,13
육아공유 ,13
힐링,12
먹스타,12
아기실내복,12
다이어트,12
육아템,12
like,12
제이드미나,12
딸바보,12
워킹맘,12
부부스타그램,12
시흥맛집,12
육아파파 ,12
도치맘 ,12
육아부부 ,12
following ,12
강아지옷 ,12
강아지의류 ,12
플레이팅 ,12
강아지커플룩 ,12
강아지옷도매 ,12
푸들 ,12
비숑 ,12
포메 ,12
"말티푸
",12
치와와 ,12
시츄 ,12
인스타독 ,12
"🐶
",12
운동하는여자 ,12
육아맘소통 ,12
육아맞팔환영 ,12
훈남,12
회색숲이야기,11
아동복,11
여름실내복,11
신혼부부,11
강아지쿨매트,11
summer,11
데일리룩,11
유지어터 ,11
trailrunning,11
애스타그램,11
일상스타그램 ,11
food ,11
일산,11
15그램뷰티,11
아기강아지,11
레이옷입기,11
남매맘,11
"댕댕이
",11
セルカ ,11
서장금,11
jejutravel ,11
제주일상,11
배우,11
코로나,10
냥스타그램,10
맘커플룩,10
저축과보험은옥소리나게,10
실내복은제이드미나,10
자매룩,10
젠틀레이스,10
드라이브,10
럽스타그램,10
엄마가만든옷,10
등산,10
jambonbeurre,10
강아지옷브랜드,10
집밥,10
산책,10
간식,10
いいね返し ,10
잠봉뵈르,10
f ,10
black,10
actor,10
홈짐 ,10
홈쿡,10
임산부,10
오뮤 ,10
애견의류브랜드 ,10
"퍼피
",10
데일리룩 ,10
빵투어,10
dogclothes,10
dogfashion,10
좋반,10
데일리,10
팔로우,10
jejuisland ,10
모델,10
와인,10
선팔맞팔 ,10
귀여워,9
바다,9
멜킨,9
맘커플,9
여름신상,9
캣스타그램,9
모던하우스키퍼,9
다섯살,9
딸,9
닭띠아기,9
헬스,9
딸룩,9
만세와만복이,9
성수,9
여행 ,9
아동복쇼핑몰,9
카페스타그램,9
집스타그램,9
운동복,9
리에브,9
like4likes ,9
도치맘빠 ,9
홈스윗홈,9
육아맞팔선팔 ,9
귀여운강아지,9
운동 ,9
두돌아기,9
식단조절 ,9
いいね,9
좋반사,9
소통,9
강아지티셔츠,9
design,9
답방 ,9
첫줄좋반 ,9
디엠 ,9
먹스타그램 ,9
아이폰,9
집콕,8
고양이그램,8
감사합니다,8
푸들,8
광교호수공원,8
이벤트,8
모던하우스,8
감성실내복,8
병아리새댁,8
서울,8
대구,8
러시안블루,8
레깅스,8
등산스타그램,8
능곡동맛집,8
성수역,8
금요일,8
도치파파 ,8
blue,8
경기맛집,8
디저트,8
광교산,8
대구맛집,8
빵지순례,8
서울둘레길,8
핫플,8
인테리어,8
white,8
위스키,8
남편도시락,8
불금,8
ktx,8
육아정보 ,8
언팔,8
travel ,8
헬스타그램 ,8
"강아지원피스
",8
"강아지유치원
",8
육아소통맞팔 ,8
클린식단 ,8
제주시카페,8
육아데일리 ,8
제주카페,8
いいね返しは絶対,8
jejulife,8
선팔,8
맞팔,8
제주도여행 ,8
성수베이커리,8
베이커리,8
오늘의훈남,8
hergé,7
회색숲이야기,7
cat,7
에르제삼성,7
상하복,7
5살딸,7
옷,7
유아패션,7
유아실내복,7
협찬,7
전주,7
자매스타그램,7
포메,7
블랙야크알파인클럽,7
월요일,7
맘소통,7
일상소통,7
일상,7
무지실내복,7
수입의류,7
27개월아기,7
성수,7
집꾸미기,7
그릭요거트 ,7
유아동복,7
유아복,7
가가멜스_팁,7
예비맘,7
야경,7
빵그램,7
서울빵집,7
스벅,7
사워도우,7
sourdough,7
sandwich,7
일상기록 ,7
커플룩,7
6살언니 ,7
직장인다이어트 ,7
승무원,7
하이킹,7
주말 ,7
런닝머신 ,7
요가 ,7
육아그램 ,7
육아템공유 ,7
음식스타그램,7
강아지교복 ,7
라떼,7
바게트,7
Herge,7
부부스타그램 ,7
좋반테러 ,7
육아중 ,7
곧두돌,7
jejulife ,7
다이어트식단일기 ,7
맞팔100 ,7
foodstagram ,7
성수맛집,7
성수바,7
성수빵집,7
서울베이커리,7
newyork,7
gamzamask,6
청춘,6
감자마스크tf,6
자전거,6
술안주,6
필터교체마스크,6
릴스,6
봄,6
dm,6
멜킨스포츠,6
하은,6
맘스타그램,6
캣그램,6
캣스타,6
캠핑,6
유아내복,6
광교,6
포맨,6
간식추천,6
blackyak,6
직장인,6
축구,6
다이어트간식,6
디너의여왕,6
bac,6
맥주안주,6
홈웨어,6
일상그램,6
hbd,6
거실,6
2021,6
쿨매트맛집,6
간편식,6
강아지여름방석,6
ad,6
맛스타,6
세젤귀 ,6
프라이팬,6
pilates,6
거울샷,6
선물,6
bgc,6
blackpink,6
삼성동,6
아동실내복,6
파주,6
뷰맛집,6
출근도시락,6
이쁜아기,6
여름준비 ,6
식단공유 ,6
강아지동영상,6
촬영 ,6
커피맛집,6
등산하는여자,6
등산화,6
등산패션,6
득근 ,6
데이트,6
다이어트소통 ,6
좋은날,6
오늘도힘내세요,6
사진 ,6
현대백화점충청점,6
경주 ,6
대전맛집,6
해운대맘 ,6
네식구 ,6
닭가슴살 ,6
말티푸,6
연년생남매 ,6
비숑스타그램,6
육아빠 ,6
애견의류도매 ,6
헬린이 ,6
육아대디 ,6
겨울,6
제주맛집,6
남양주카페,6
좋반테러,6
韓国,6
아빠육아 ,6
육아선팔 ,6
먹스타 ,6
아기모델 ,6
맞팔해요 ,6
셀스타,6
바디프로필준비 ,6
집콕 ,6
집콕놀이,5
2,5
을지로보석,5
육퇴,5
딸램,5
점심메뉴,5
수원,5
협찬문의,5
music,5
vocal,5
블랙야크100대명산,5
음악,5
보컬,5
아들바보,5
인천맛집,5
참이슬,5
소띠맘,5
리하맘,5
30대,5
실내복추천,5
원마일웨어,5
맘스타그램 ,5
아들 ,5
키링제작,5
폴민바이크,5
먹태맛집,5
에르제,5
홈스타그램,5
likelike,5
adidas,5
fashion,5
아이방인테리어,5
취미,5
리에브샵,5
다이어트레시피 ,5
바다 ,5
이쁜아들,5
강아지블랭킷,5
사회적거리두기,5
아침식단 ,5
홈카페,5
실내복맛집,5
프로필,5
블랙푸들,5
likeforlike,5
럽스타그램 ,5
요거트볼 ,5
패션 ,5
맥주안주 ,5
follow ,5
키즈스타그램,5
금요일 ,5
딸래미,5
연년생 ,5
selca ,5
삼성맛집,5
글귀 ,5
현대무역센터점,5
전신샷 ,5
스쿳앤라이드,5
웨이트트레이닝 ,5
인테리어 ,5
토요일,5
운동기록 ,5
카페 ,5
월요일 ,5
작가 ,5
강원도,5
등산복,5
바디프로필스튜디오 ,5
여행스타그램 ,5
해운대 ,5
화이팅,5
아이스크림,5
가족여행 ,5
가족나들이 ,5
手作りパンツ,5
점심맛집,5
필라테스 ,5
새해,5
강아지그램,5
원숭이띠아기 ,5
주말일상,5
청주키즈카페,5
더숲,5
foodstagram,5
부산맘 ,5
혼밥,5
25개월아기,5
딸랑구 ,5
yorkshireterrier,5
냥스타그램,5
냥이,5
냥이스타그램,5
냥스타,5
고양이,5
강아지커플룩,5
식단인증 ,5
아들파파,5
인친해요,5
팔로우그램 ,5
셀기꾼 ,5
가족스타그램,5
애월카페,5
아빠와딸 ,5
다이어트일기 ,5
카페그램,5
오늘의집,5
23개월아기,5
육아선팔맞팔 ,5
평벤치 ,5
일상그램 ,5
애견용품,5
베이비모델 ,5
맞좋 ,5
화이트,5
model,5
홈스타그램 ,5
집스타그램 ,5
여행기록  ,5
아이랑가기좋은곳 ,5
아이랑가볼만한곳 ,5
여행스타그램  ,5
발롱블랑,4
모던하우스크리스마스,4
베캉스,4
가족여행,4
나들이,4
크리스마스장식,4
벤치프레스,4
크루고스트,4
28개월아기,4
crewghost,4
인물사진,4
nike,4
책추천,4
광호공,4
전은철,4
펫페어,4
어린이날,4
cafestagram,4
냥스타,4
엘르독,4
bts,4
강아지크롭,4
핸드메이드강아지옷,4
알롱제,4
블랭킷,4
국내여행,4
명산100,4
갤럭시은하씨,4
bsml,4
스핀바이크,4
streetphotography,4
요셉,4
결혼식,4
한빈,4
무게조절덤벨,4
여수,4
썸머베딩,4
먹태,4
맥주,4
크로플,4
음료수,4
아들맘 ,4
신생아,4
자체제작브랜드,4
안주스타그램,4
여름이불,4
여름패드,4
아이와함께,4
잠실맛집,4
happynewyear,4
followｍe,4
인테리어소품,4
러빗,4
여성의류,4
키즈룸,4
썸머면리플패드,4
haeun,4
2020,4
인덕션,4
슬기로운집콕생활,4
아이방꾸미기,4
통밀빵 ,4
책읽는여자,4
착즙주스,4
에이투비,4
핫플레이스,4
리틀나나,4
babystagram ,4
부부,4
저분자피쉬콜라겐,4
코로나19,4
아기내복,4
얼티메이트디렉션,4
성장앨범,4
온더테이블,4
정원디자이너의일상,4
물놀이,4
식판식,4
foodporn ,4
윙잇,4
초등맘,4
홈데코,4
코기스타그램,4
가족나들이,4
いいね ,4
웰시코기,4
오그래놀라2기,4
서포터즈,4
홈스타일링,4
강릉여행,4
오리온,4
오그래놀라,4
부산여행,4
마켓오네이처,4
펫,4
직장인다이어터 ,4
시리얼,4
오그래놀라즈,4
헬린이,4
내돈내산,4
청담 ,4
수영복,4
압구정 ,4
연습실 ,4
요리,4
정원디자인더숲,4
실내자전거 ,4
홈파티,4
수영장,4
ktx승무원,4
경남등산,4
부산등산,4
가족캠핑 ,4
밥상,4
노스피크 ,4
아이와여행,4
강릉,4
26개월아기,4
lfl,4
jtbc트레일서울157k,4
점심,4
7월,4
데일리육아 ,4
주방인테리어,4
등산복패션,4
bonifacio,4
꿀잠,4
꽃,4
젠틀레이스 ,4
신상카페,4
혼술,4
makati,4
캐논데일,4
잎새주,4
남매스타그램 ,4
일요일 ,4
설날,4
동영상 ,4
뷰티,4
네가족 ,4
푸드 ,4
광주맛집,4
파주카페,4
패피아들,4
집콕육아 ,4
마사지 ,4
딸바보아빠 ,4
스트레칭 ,4
도그스타그램,4
노령견,4
멈머,4
yorkie,4
요키,4
요크셔테리어,4
요크셔,4
사은품 ,4
이벤트 ,4
개냥이,4
서울맛집,4
라라스팜 ,4
모자,4
식단스타그램 ,4
육아대디,4
샐러드도시락,4
l4l,4
꾸안꾸룩 ,4
부부일상 ,4
딸아들 ,4
술스타그램,4
가정용런닝머신 ,4
snow,4
런스타그램 ,4
러닝 ,4
러닝스타그램 ,4
헬요일 ,4
하원,4
제주도 ,4
고양이그램,4
스코티쉬폴드,4
제주여행 ,4
남매 ,4
우리집,4
sels ,4
5살아기 ,4
selfistagram ,4
slesta ,4
selst ,4
instaseleb ,4
isntalike ,4
맞좋아요 ,4
f,4
먹스타맞팔 ,4
먹스타맞좋,4
청주맘,4
좋튀 ,4
건강식단 ,4
맞좋튀 ,4
"먹스타맞팔 
",4
melkinsports ,4
제주핫플,4
첫줄반사,4
평일 ,4
코로나 ,4
먹태 ,4
dosan,3
복숭아맛집,3
황리단길,3
맛있는복숭아,3
15그램푸드,3
먹태리우스,3
노을,3
성심당,3
리하가족,3
굿밤,3
1,3
케이크,3
크리스마스소품,3
에세이,3
결기,3
첫릴스,3
에세이추천,3
식사대용,3
블랭킷,3
이벤트_응모는_프로필링크,3
seongsu,3
책,3
일기,3
수분크림,3
도서추천,3
첫프로필,3
에세이책,3
냥그램,3
카페인충전,3
6세,3
생일선물,3
노래,3
은하씨,3
강아지여름옷,3
애견카페,3
명산100플러스,3
육아용품,3
강아지여름원피스,3
부산 ,3
소소한행복,3
쇼핑라이브,3
포메원피스,3
광안리 ,3
베터파크,3
강아지드레스,3
딸기케이크,3
snapshot,3
오지힐제주,3
쇼호스트,3
필라테스복,3
트레이너,3
줌스타그램,3
영양간식,3
네이버,3
오프닝뮤즈,3
4men,3
스타벅스,3
영영,3
글,3
유아식기,3
테니스,3
썸머베딩,3
육퇴후한잔,3
새해복많이받으세요,3
홈트,3
당첨,3
43개월아기 ,3
상전,3
아기랑갈만한곳 ,3
치닝디핑,3
필라테스그램,3
필라테스강사,3
야식,3
신상스포,3
운동복패션,3
산,3
롯데타워,3
prague,3
요가복,3
책읽기,3
베타키링,3
댕댕이옷,3
자체제작,3
볼링,3
연남동 ,3
집들이선물,3
아이간식,3
ベランダ,3
응원,3
아들룩,3
사량도,3
인견토퍼,3
어제,3
selstagram,3
댕댕이스타그램,3
러빗흡착식판,3
homecafe,3
진천동맛집,3
호캉스,3
눈,3
아지트샵쇼핑몰 ,3
이쁜내아기,3
파우더룸,3
kidsroom,3
판매전문멘토 ,3
강아지키링,3
만복스타그램,3
파우더룸이벤트,3
재가입전문멘토 ,3
리에브,3
리에브샵,3
데일리패션,3
gray,3
독립형쇼핑몰 ,3
처음처럼,3
atob,3
초롱이,3
christmas,3
도치맘,3
연트럴파크,3
ㅋㅋㅋㅋㅋ,3
햄버거맛집,3
초등스타그램,3
꾸안꾸,3
제발,3
카페추천,3
카페인테리어,3
곱창,3
대구여행,3
대구가볼만한곳,3
photo ,3
군산,3
서변동,3
콜라겐,3
서변동카페,3
스페이스무태,3
샌드위치맛집,3
편의점,3
식단계정 ,3
이너뷰티,3
리포머,3
에르제도산,3
필수템,3
강아지쿨방석,3
과일,3
유지어터식단 ,3
고마워,3
유아장난감,3
dynamite,3
황금돼지띠아들,3
아웃핏,3
청바지,3
하니랜드,3
맞팔선팔 ,3
다이너마이트,3
술스타,3
icecream,3
브라이덜샤워,3
강추,3
하은,3
아들램 ,3
휴가,3
5살딸 ,3
dance ,3
휴식,3
오늘의패션 ,3
running,3
dancevideo ,3
6살,3
hiphop ,3
food,3
결혼,3
dancer ,3
자기관리 ,3
하이하은,3
홈파티,3
집에서놀기,3
혼코노,3
공구,3
칼블럭,3
대전,3
육아패션 ,3
멍스타그램 ,3
에너포션,3
포메라니안,3
주방도구,3
샐러드 ,3
플레이팅,3
예쁜아동복,3
아동복사이트,3
크리스마스 ,3
초등학생,3
크리스마스트리 ,3
글 ,3
한끼,3
글스타그램 ,3
형제룩,3
등산소통,3
강원도여행,3
보라,3
거실인테리어,3
스투시 ,3
dailygram,3
아기장난감 ,3
여름휴가,3
초보캠퍼 ,3
나이키 ,3
정왕동맛집,3
부산등산코스,3
근력운동 ,3
1주년,3
다이어트자극사진 ,3
더숲,3
휴롬,3
장사장,3
hurom,3
휴롬디바,3
휴롬레시피,3
경품이벤트 ,3
풀빌라,3
열차승무원,3
소문내기이벤트 ,3
리그램이벤트 ,3
상품찜이벤트 ,3
합정 ,3
눈사람,3
댓글이벤트 ,3
인증이벤트 ,3
유럽 ,3
하늘 ,3
러닝머신 ,3
스텝퍼 ,3
딸같은아들❤️ ,3
밸런스바이크,3
맘그램,3
블루투스,3
예비소띠맘,3
포즈,3
style,3
청주아이랑가볼만한곳,3
운동스타그램,3
연휴,3
식단일지 ,3
취미생활,3
전라맛집,3
예비초등,3
딸사랑 ,3
주말맛집,3
일요일,3
딸육아 ,3
부부의날,3
거울샷 ,3
할인행사 ,3
할로윈,3
라이브방송 ,3
beige,3
쇼핑라이브 ,3
green,3
구운두부 ,3
돈까스맛집,3
넥서스,3
몰테니쇼룸,3
몰테니앤씨,3
다이어트식품 ,3
할인기간 ,3
등산그램,3
아침식사,3
정원디자인,3
통영사량도,3
집콕육아,3
jejudo,3
jejutravel,3
남양주,3
트린이,3
귤팸 ,3
요가매트 ,3
어버이날,3
샌드위치,3
24개월,3
오하우스,3
키즈웨어,3
데이뚜,3
마당있는집,3
정원,3
전원주택,3
친정,3
koreanmodel ,3
5살,3
다이어터식단 ,3
첫줄,3
비건빵 ,3
빵 ,3
서귀포,3
크로와상,3
dessert,3
jejuisland,3
배앓이방지내복,3
제주카페추천,3
나투리아,3
강아지올인원,3
강아지롬퍼,3
3살딸 ,3
jejucafe ,3
방꾸미기,3
영주나드리,3
말티,3
인스타베이비 ,3
디자이너브랜드,3
블루라이트차단안경,3
집순이 ,3
회맛집,3
제주크로플,3
아이가있는집,3
벤치프레스 ,3
헬스타 ,3
득근득근 ,3
interior,3
아령 ,3
일상생활 ,3
인스타데일리 ,3
인스타일상 ,3
유튜브 ,3
유튜버 ,3
유튜브채널 ,3
유튜버꿈나무 ,3
인생샷 ,3
유튜브크리에이터 ,3
브이로그 ,3
근접샷 ,3
브이로그꿈나무 ,3
마가렛,3
버터마가렛,3
유튜브꿈나무 ,3
런린이 ,3
유튜브구독 ,3
workout,3
wine,3
치카서울 ,3
스코티쉬스트레이트,3
집사스타그램,3
홈트기구추천 ,3
집사의하루,3
조깅스타그램,3
집사그램,3
첫줄반사,3
건강식 ,3
건강 ,3
딸램 ,3
바디프로필컨셉 ,3
바디프로필촬영 ,3
바디프로필사진 ,3
패션피플 ,3
いいね返し,3
춤,3
바디프로필식단 ,3
korea,3
주말일상 ,3
아이가있는집 ,3
육퇴후한잔 ,3
먹태안주 ,3
강아지방석,3
파랑파랑,3
거실 ,3
애쉬블루,3
조카,3
롤스케치책상,2
키즈죽공구중,2
가평,2
후기,2
벚꽃,2
펫팸페어,2
군자카페,2
뮤지컬,2
냥이,2
아빠와딸,2
대구맛집추천,2
크리스마스홈인테리어,2
이유식,2
blackandwhitephotography,2
선크림추천,2
해바라기,2
초등바이올린,2
골드키위,2
아기정복,2
odtmode,2
갤럭시s21,2
그린키위,2
홈짐,2
크리스마스트리,2
라면스타그램,2
청보리밭,2
풍선,2
auralee,2
주먹고기,2
키위케이크,2
페이크퍼,2
플라워레이스블랭킷,2
릴스도전,2
오늘회제공,2
유아식,2
얼리버드중,2
영천복숭아,2
카베아,2
아깽이,2
purple,2
릴스타그램,2
클린뷰티,2
smile,2
팝업스토어,2
건강식단,2
우린아직헤어지기전,2
경주,2
디트로네s,2
피크닉,2
나만,2
책스타그램,2
키자니아,2
샌드위치단체주문,2
엄마랑딸,2
유아템,2
대구카페추천,2
제주라이프,2
캠핑그램,2
에그햄치즈샌드위치,2
수박,2
수부지,2
러시안블루고양이,2
아기로션,2
차미,2
엄마,2
19개월아기,2
육아템공구,2
늘봄식품,2
광고,2
플라워레이스블랭킷,2
청정원,2
여름방학,2
일상속작은행복,2
키즈죽공구오픈,2
전복버터구이,2
happy,2
낮잠이불,2
brand,2
타트체리,2
육아템추천,2
장마,2
건강간식,2
아들램,2
글,2
크리에이터,2
open,2
아이간식,2
식이섬유,2
노래추천,2
해산물,2
stüssy,2
소래포구맛집,2
회,2
대장금파크,2
유튜버,2
아빠와아들,2
상품협찬,2
당일배송,2
스팸무스비,2
나가시소멘,2
17살,2
차박캠핑,2
아기간식,2
유즈원피스,2
인스타독,2
프레쉬스터디카페,2
차박,2
갤럭시워치3,2
여름맛집,2
더리트리브,2
프레쉬와함께하는일상,2
아기머리끈 ,2
수제오렌지에이드,2
쁘띠밍크,2
경산맛집,2
축하해,2
라이브방송,2
주말,2
송도케이블카,2
rain,2
스벅신메뉴,2
레터링풍선,2
넷플릭스,2
보령카페,2
스노우,2
어린이간식,2
sunrise,2
리하맘,2
음료스타그램,2
해운대맛집,2
당첨자,2
제주,2
유아식판,2
여유,2
이벤트참여,2
고양이젤리,2
아침대용,2
런닝머신,2
뱀부리플이불,2
카페인충전,2
숙면,2
황금돼지띠아기,2
뱀부,2
필라테스운동복,2
피쉬콜라겐,2
아이폰12프로,2
유아식단,2
댓글,2
애월,2
비누,2
리플,2
꿀팁,2
iphonography,2
크리스마스케이크,2
시어서커,2
아침밥,2
홍대 ,2
이로운일기장,2
스텝퍼,2
점심도시락,2
술한잔,2
써클렌즈,2
도시락케이크,2
마사지건,2
이로운일기장,2
학원,2
정상,2
요가매트,2
밀키트,2
안주맛집,2
기쁨,2
몸짱을부탁해,2
착한실손,2
귀염둥이,2
요리스타그램,2
가성비좋은화장품,2
베타,2
완주,2
실손전환,2
어린이집룩,2
소호파파,2
다이닝테이블,2
流しそうめん,2
밍크,2
벨티드패딩,2
フォーメン,2
티셔츠,2
signielseoul,2
폭설,2
가오픈,2
뭄뭄,2
아이방,2
유아교육과,2
사랑,2
굿바이,2
theeternal,2
아기식판,2
육아출근,2
과일주스,2
맘등원룩,2
눈오는날,2
야채주스,2
식단관리,2
eternal,2
데일리코디,2
고객님은사랑입니다,2
실리콘식기,2
제이드미나실내복,2
편안한맘옷,2
강아지그림,2
아이스커피,2
편한옷,2
아지트샵재가입 ,2
올리브영,2
ハウン,2
크리스마스,2
6살아기 ,2
연유라떼,2
크리스마스선물,2
티셔츠추천,2
돌잔치,2
아지트샵공구 ,2
hanbin,2
티셔츠그램,2
크리스마스,2
유아상하복,2
ハンビン,2
쇼핑몰부업 ,2
후라이팬,2
이지룩,2
청주놀이학교,2
너의모든순간,2
yosep,2
이지룩코디,2
티파니앤코,2
4학년,2
책마중,2
유아모델,2
도하가족,2
ヨセプ,2
추억,2
당충전,2
출산,2
메이저나인,2
꾸안꾸룩,2
major9,2
카페7773,2
삼남매,2
어린이책읽는어른들,2
부산캠핑,2
브레이브퀸 ,2
メジャーナイン,2
강원도 ,2
야구,2
항상고마워요,2
꿀뚝뚝,2
강아지이불,2
baseball,2
식목일,2
브런치,2
과채주스,2
텐트,2
현실부부,2
에이투비,2
침구,2
만세스타그램,2
농심,2
거울셀카,2
한강,2
침실인테리어,2
핫도그,2
야구장,2
내새끼,2
비오는날,2
야구동영상,2
드라이브코스,2
애데렐라,2
인견쿨매트,2
건강주스,2
핫도그맛집,2
동네마실,2
육개장,2
sky,2
코로나꺼져,2
밍크코트,2
주말순삭 ,2
평벤치,2
코펜하겐밍크,2
cutedogs,2
가가멜스_팁2,2
곱창맛집,2
0,2
주말여행,2
홈술,2
유치원,2
필라테스양말,2
아지트샵멘토추천,2
이색선물,2
테라,2
프로필사진,2
제시,2
포튼가먼트,2
포튼가먼트부천점,2
귀여운고양이,2
부산맛집,2
likelike ,2
쇼터뷰,2
베스트포트너이벤트,2
페이보잇,2
주택,2
대구여행,2
likeforlikeback ,2
포트너,2
주택살이,2
홈술안주,2
실내복신상,2
운동복추천,2
감동,2
공구맛집,2
마스크팩추천,2
대구데이트코스,2
황금돼지띠맘,2
봄나들이,2
썸머면리플패드,2
스타벅스,2
캠핑요리,2
여름베딩,2
오션뷰 ,2
에르메스,2
줌마그램 ,2
여름md,2
가족스타그램 ,2
과자스타그램,2
스타일 ,2
에너지,2
문센룩,2
세살아기,2
디저트선물,2
korea ,2
outfit,2
추억,2
홈케어,2
유아크록스,2
글라스하우스,2
photography ,2
여름패드,2
소민,2
홍대술집,2
치킨,2
インスタ映え ,2
일산카페,2
불금 ,2
유스케,2
오늘의코디 ,2
곤약쫀득이,2
축가,2
여행사진,2
유희열의스케치북,2
추억팔이,2
아아,2
하늘,2
정원디자이너의일상,2
포토존,2
힘내자대한민국,2
존맛탱,2
쇼핑스타그램,2
라바짜,2
복숭아아이스티,2
육아빠,2
추석,2
멜키즈안전망트램폴린,2
아기코디 ,2
주말스타그램,2
강아지이불 ,2
다이어터,2
기부,2
러닝,2
캐논이미지스토밍,2
강아지블랭킷 ,2
운동복코디 ,2
강아지여름이불 ,2
출산선물,2
패피룩 ,2
강아지담요,2
송도,2
줌스타그램 ,2
오랜친우들,2
새해복많이받으세요 ,2
유산소 ,2
영팔이시집간다,2
알럽,2
dancestudio ,2
굿밤 ,2
파티파티,2
kpopdancecover ,2
강아지여름옷 ,2
music ,2
다니엘룩 ,2
코로나결혼식,2
이쁘다,2
"bts
",2
잘가,2
btsjungkook  ,2
아들바보❤️,2
육아정보,2
크리스마스이브 ,2
kpopdance ,2
핸드메이드강아지옷 ,2
shooting ,2
강아지시스루  ,2
과도,2
재약산,2
착즙,2
오트밀칼라,2
summervibe ,2
집에서,2
데일리코디 ,2
김포맛집,2
대구카페,2
라면레시피,2
사과즙,2
코기러브,2
한라산,2
실버푸들,2
천국의계단,2
에어바운스,2
moon,2
크리스마스준비 ,2
자소서,2
여름 ,2
리코타치즈샐러드 ,2
졸업,2
코레일관광개발,2
여름파티,2
안무 ,2
러브레터,2
홈키즈카페,2
출산임박,2
귀염뽀짝,2
용평리조트,2
여수여행,2
테디베어뮤지엄,2
요가,2
아역배우,2
일기 ,2
연습 ,2
초4,2
먹방스타그램,2
캠핑 ,2
선생님,2
7살,2
천일락볼링장,2
워킹맘그램,2
캠핑족 ,2
아침 ,2
쇼파,2
홈짐꾸미기 ,2
카페트,2
볼링스타그램,2
못헤어져서미안해,2
취준,2
자기계발 ,2
아기랑갈만한곳,2
일상공유,2
바디프로필의상 ,2
조던 ,2
덥다,2
프로필사진 ,2
문센데이,2
초딩맘,2
살빼자,2
애견스타그램,2
미니언즈,2
대구강아지,2
셀카  ,2
운동기구 ,2
아기고양이,2
주방,2
다이어트계정 ,2
동해,2
브리티쉬숏헤어,2
동해바다,2
새벽스타그램 ,2
에너지부스터,2
길고양이,2
꿀조합,2
삼색이,2
수요술식회,2
정원디자인더숲,2
기념일,2
화해,2
글귀스타그램 ,2
홈스냅,2
제품협찬,2
더블링테이블,2
현대백화점,2
이벤트그램,2
장난꾸러기,2
웨이트 ,2
인형,2
뷔페,2
캠핑그램 ,2
공동구매,2
테니스치는남자,2
6세아들,2
테니스치는여자,2
육아소통맞팔,2
highstreet,2
무서워,2
호텔수영장,2
모델아들,2
풀빌라펜션,2
표정부자,2
키즈풀빌라,2
나이키,2
코로나일상,2
코베아 ,2
아디다스,2
수영,2
프라하 ,2
캠린이,2
블랙 ,2
엄마표놀이,2
모녀스타그램 ,2
유럽여행 ,2
캠린이부부,2
녜녜 ,2
도서,2
프로캠핑러,2
tennis,2
snowman,2
벽화,2
인생네컷,2
마실 ,2
스튜디오 ,2
유명산,2
부산캠핑 ,2
아들육아 ,2
울산여행,2
불멍 ,2
camping,2
안산맛집,2
울산핫플,2
europe ,2
소이빈삼동,2
에버랜드,2
오늘의기차일기,2
goodvibe ,2
디자인스터디,2
model ,2
책 ,2
푸드,2
기록하기,2
푸드스타그램,2
7세육아,2
먹자,2
건강,2
소확행,2
족발,2
맥도날드,2
청주현대백화점,2
떡볶이,2
강아지사료,2
다행이다,2
주방용품,2
오늘회 ,2
막국수,2
고양이사료,2
강아지사료추천,2
음료,2
비치타올,2
고양이사료추천,2
마마더베이비,2
체험단,2
홈인테리어,2
초음파사진,2
3살아들 ,2
가수분해사료,2
가을타는남자,2
강아지유치원복 ,2
6월에만나요,2
기능성사료,2
초당옥수수,2
포즈잡기,2
족발맛집,2
sky ,2
양재시민의숲,2
종킴디자인스튜디오,2
금정산,2
부산맘소통 ,2
수요일,2
금정산등산,2
먹는콜라겐,2
대구핫플,2
카페인,2
하우스오브브이,2
카멜레온팩토리,2
브이성형외과,2
동물원,2
제주산,2
공간,2
금정산고당봉,2
2019,2
구월동,2
근막이완 ,2
공간디자인,2
100대명산,2
극락조,2
근육마사지 ,2
카페,2
신상카페투어,2
오그래놀라단백질,2
sim,2
선물스타그램,2
성장일기 ,2
애견,2
4살 ,2
길냥이,2
마무리운동 ,2
영어강사,2
아빠딸,2
건강스타그램 ,2
아기옷,2
마카롱,2
콜라보,2
육아는장소빨 ,2
아동복추천,2
결혼기념일,2
후식,2
복귀,2
포차어게인,2
주말육아 ,2
手作り帽子,2
롯데월드,2
상인동맛집,2
행복하자,2
남만샐 ,2
분장,2
렌시스,2
컬러렌즈,2
spring,2
인생렌즈,2
웰컴썸머 ,2
감탄떡볶이,2
데일리렌즈,2
실리콘하이드로겔렌즈,2
렌즈스타그램,2
한달용렌즈,2
브라운렌즈,2
알파인런,2
트레일러닝화,2
사량도등산,2
정원시공,2
트레일러닝화추천,2
happybirthday,2
우마담호수,2
사룽해,2
관리하는여자 ,2
학생,2
yoga ,2
사량도옥녀봉,2
통영등산,2
파주핫플,2
첨단맛집,2
도슨트퍼니처,2
요가스타그램 ,2
익스테리어,2
혼자여행,2
테라스꾸미기,2
테라스하우스,2
광교역,2
테라스카페,2
테라스정원,2
테라스즐기기,2
좋아요그램,2
foodporn,2
주말저녁,2
풀무원,2
크러핀,2
덤벨 ,2
모듬회,2
클렌즈랩,2
덤벨운동 ,2
가정보육,2
cruffin,2
유아내의,2
송리단길,2
얼빡샷 ,2
육지살이,2
육아맞팔환영,2
아이폰 ,2
새벽인스타 ,2
대화,2
ulzzangboy ,2
예쁜쓰레기,2
100좌완등,2
남매일상 ,2
언어발달 ,2
ulzzangselfie ,2
스타벅스md,2
애견인소통,2
창문산악회,2
ulzzang,2
스타벅스텀블러,2
어린이집적응중,2
스벅텀블러,2
남매아빠 ,2
적응중,2
딸이랑 ,2
가슴,2
남양주맛집,2
신상,2
세살,2
달빛식탁,2
집앞 ,2
놀이터룩,2
돼지갈비,2
빵스타그램 ,2
더반한 ,2
구로맛집,2
노포맛집,2
선팔맞팔환영,2
서귀포맛집,2
홈트운동 ,2
강아지케이프,2
강아지빕,2
미리크리스마스 ,2
5월코아코아서포터즈,2
겨울왕국 ,2
코아코아,2
코아코아후기,2
韓国 ,2
더안전한실리콘용기,2
두돌,2
실리콘밀폐용기,2
광교산형제봉,2
실리콘용기,2
삼겹살맛집,2
눈싸움 ,2
꽃게,2
제주 ,2
대하,2
연보라 ,2
후드티,2
고요새,2
계곡,2
삼양카페,2
돌치레,2
베이비 ,2
젊줌마 ,2
petstagram ,2
짬뽕맛집,2
남매샷 ,2
꽃게탕,2
방스타그램,2
엄마일상,2
청주맛집,2
돈까스,2
생존신고,2
하프짐볼 ,2
감성사진,2
2살아들,2
반짐볼 ,2
보수볼 ,2
보수볼운동 ,2
인태기,2
돔볼 ,2
밸런스볼 ,2
옥주현홈트 ,2
요거트 ,2
온앤오프 ,2
인친님,2
감성,2
짐볼운동 ,2
코어운동 ,2
균형운동 ,2
8부실내복,2
헬스 ,2
모델핏,2
몸스타그램 ,2
매운탕,2
육아아빠 ,2
제주카페 ,2
brown,2
스웨덴이어폰브랜드,2
오지힐,2
수디오,2
헬요일,2
수디오니오,2
sudio,2
럽스타그램,2
제주시카페추천,2
sudionio,2
한정판,2
이어폰,2
이어폰추천,2
셀카,2
아빠의육아 ,2
블루투스이어폰,2
셀피,2
블루투스이어폰추천,2
셀스타그램,2
무선이어폰,2
jejucafe,2
무선이어폰추천,2
shapingsound,2
제주구옥,2
제주인테리어,2
삼겹살,2
follow4like,2
넷이서,2
피부보습,2
제주가오픈카페,2
육아맘일상 ,2
육아일기장 ,2
다이어트요리 ,2
제주신상카페,2
제주목공,2
가족사진 ,2
웨이트운동 ,2
오리뷰어,2
에어컨,2
무게조절덤벨 ,2
휘센,2
휘센타워,2
육각덤벨,2
카펜트리,2
스투시,2
22개월아기,2
퇴사,2
해운대해수욕장 ,2
유튜브시작 ,2
크리에이터 ,2
육아스토리 ,2
버터,2
일상브이로그 ,2
바,2
bar,2
꽃개,2
꽃개후드,2
등원룩 ,2
딸아빠 ,2
강아지후드,2
옆모습 ,2
복대동,2
육아공감 ,2
아기옷 ,2
육아하는아빠 ,2
홈트하는여자 ,2
럽스타,2
팔로워 ,2
하원후일상,2
복대동맘,2
강아지여행 ,2
거울셀카 ,2
제주도맛집,2
"댕댕이옷
",2
프라하,2
다이어트식단공유 ,2
고기,2
두줄반사,2
likeforfollow,2
cool,2
집앞,2
awesome,2
물놀이 ,2
travel,2
강아지장난감,2
look,2
애월,2
mens,2
노즈워크,2
노즈워크장난감,2
선팔하면맞팔가요 ,2
제주라이프 ,2
종식,2
followme,2
기원,2
自転車,2
흑백사진,2
서울카페,2
사진스타그램 ,2
칼국수,2
sweets,2
seoulcafe,2
팔로우백 ,2
followforlike ,2
likesforfollow ,2
day ,2
followbackinstantly ,2
인친좋아요 ,2
프로필 ,2
딸 ,2
데일리룩코디 ,2
포토 ,2
산책 ,2
스누피 ,2
쁘띠플래닛,2
살림템 ,2
영화,2
movie,2
삼겹식당,2
작품,2
フォローバック,2
いいね返します ,2
인스타일상,2
맞팔환영 ,2
havingfun ,2
face ,2
구리맛집,2
무염식단 ,2
뽀로로,2
멜킨안전망트램폴린 ,2
안전망트램폴린 ,2
멜킨트램폴린 ,2
3살 ,2
트램폴린추천 ,2
아기트램폴린 ,2
유아트램폴린 ,2
방방이 ,2
강아지블라우스,2
트램펄린 ,2
트램플린 ,2
키즈카페 ,2
육아일상그램 ,2
birthday,2
아이방꾸미기 ,2
예쁜트램폴린,2
미술놀이 ,2
엄마표놀이 ,2
캐스팅,2
집콕놀이 ,2
준비,2
현실육아 ,2
완료,2
자매 ,2
송도맛집,2
캐주얼룩 ,2
쌍둥이 ,2
딸둥이 ,2
profile,2
아빠랑아들 ,2
인친해요 ,2
닭고야 ,2
맥주스타그램 ,2
스트릿,2
먹태맛집 ,2
babydog,2
경북맛집,2
주부 ,2
김포 ,2
주부일상 ,2
다이어트식 ,2
라베니체 ,2
shooting,2
옛추억,2
황금연휴,2
혼술 ,2
제주신혼여행,2
제주신행,2
안주스타그램 ,2
맥주 ,2
연습실,2
제주피자,2
제주피자투어,2
제주가족여행,2
항몽유적지,2
pizza,2
followforfollowback,2
dancer,2
공항,2
나또 ,2
photo,2
사과 ,2
대전카페,2
휘연,2
코스트코,2
party,2
공연,2
엄마일상 ,2
미니멀룩 ,2
포항맛집,2
거실인테리어 ,2
구독과좋아요 ,2
구독과좋아요는사랑입니다♥️ ,2
조카바보,2
바보,2
곤약면 ,2
곤약 ,2
제주도맛집 ,2
패러글라이딩,2
셀피그램,2
목표,2
제주핫플 ,2
red,2
테이크아웃,2
입양공고,1
결론,1
발이편한구두를신어본적이없었다,1
안합니다,1
신정호수,1
hermanmiller,1
은행,1
오뭐신,1
한길포장마차,1
기다려지는40대,1
유연해서좋겠다,1
97일,1
그래도잼났음,1
주문받아요,1
싯다르타,1
34년전통,1
다인댁의산골이야기,1
춘천감자빵,1
퍼옴,1
미니누빔베개,1
앞산맛집,1
손가락첼린지,1
안성탕면,1
함부로오늘을버리지않을것,1
신생아졸업,1
키토제닉,1
공구예정,1
쌀퐁당,1
끝,1
세뱃돈,1
디트로네,1
고양이입양처구합니다,1
그냥돈많고싶다는흔한푸념이자오늘도대충화이팅하자는말,1
박연준,1
nottoday,1
신정호맛집,1
aeronchair,1
용돈,1
쏘리선크림,1
다니엘룩,1
십원향,1
운세,1
공구예고,1
잘때가젤이뻐,1
골프데이트,1
공구마켓,1
차유준,1
육회막국수,1
쑥떡,1
홀스빗cd,1
블루밍블랭킷,1
르야호그만큼좋다는거지,1
아무나못함,1
여행필수품,1
왕다현,1
인생30일차,1
스토리이벤트,1
모어댄미트,1
stl,1
세배,1
불국사,1
코로나돌잔치,1
돈이전부는아니지만그래도기왕이면부자되세요부자되자요,1
소란,1
hottoday,1
신정호카페,1
발롱블랑데일리선크림,1
오버이날,1
내년에신년운세도여기서,1
에어컨바지,1
바이올린5개월차,1
군자수제케이크,1
둘다,1
위키드,1
육회물회,1
공간,1
전보험사비교,1
영양찰떡,1
캐모마일릴렉서,1
신행컨셉,1
최준우손특별출연,1
미니누빔베개,1
파스타맛집,1
양손잡이아님,1
도서출판혜화동,1
세가족,1
비건한끼,1
forestoutings,1
아빠요리솜씨,1
겹벚꽃,1
첫돌,1
그냥모두가다행복하고좋은날만가득하고하면좋겠어아주그냥,1
하필이라는말,1
지겨워,1
센치,1
아산,1
uneri,1
lookbook,1
선동렬김치,1
헬로우봇,1
닮은꼴,1
간편이유식,1
검푸른,1
돼지수육,1
보험리모델링,1
쑥두텁떡,1
페이크퍼업뎃,1
오랜만에피드,1
오늘아님,1
본동물의료센터,1
최애라면,1
다둥이할인도준비했어요,1
오늘의채식,1
닥터황솔루션,1
호로고루,1
습관,1
산타할아버지,1
이스트앵글,1
노보텔앰배서더동대문,1
마마슈니츠,1
낮잠안자니,1
blouson,1
랄라블라입점,1
얼죽코,1
제발한번만살려주세요,1
짱구,1
애들은공부중,1
휴대용이유식,1
나미나라공화국,1
극단도도,1
보험점검,1
쑥인절미,1
재입고알림,1
리하남매,1
얼리버드연장,1
탄포포,1
에프플로우,1
대구24시동물병원,1
코로나저리가,1
곧만나요,1
morethanmeat,1
황성주박사의슈퍼밀,1
청보리,1
블루룸,1
왜아빠선물만없나요,1
아기고양이입양,1
mamaschnitz,1
click,1
자고나서놀자,1
와이프,1
ballonbalance,1
버즈프로,1
엄빠는노는중,1
우리아이이유식,1
킹키부츠,1
쑥절편,1
쌍둥이아니에요,1
플렉스해버렸다불가리,1
fflow,1
크리스마스트리만들기,1
선생님들감사합니다,1
with,1
지금읽고있는책,1
건강식,1
사서들어오다,1
돌끝맘,1
고양이입양홍보,1
애프터눈티,1
제스티살룬,1
오디티모드,1
얼집하원후,1
phlannel,1
비건코스메틱,1
모던오뎅,1
남편한테고맙단말못들음,1
3초전,1
주중골프,1
아들스차그램,1
6세4세,1
다내꼬임,1
얼리안티에이징클린뷰티,1
양손도전,1
아몬드브리즈,1
ever,1
식사대용식,1
커버,1
아들한테걸림,1
경주여행,1
황금돼지띠,1
노보텔동대문,1
zestysaloon,1
얼마나좋아할까,1
poodle,1
비건수분크림,1
오늘의코디,1
버티고개맛집,1
결혼하더니,1
헬육아,1
한가하고조으닷,1
식판식단,1
머리무엇,1
썸씽로튼,1
쌀가래떡,1
데이브레이크,1
충성,1
벽트리,1
오른손잡이,1
안보현,1
북리뷰,1
마켓프라이데이,1
순간정적,1
돌사진,1
아깽이입양,1
고메바,1
소년적니,1
odt,1
오늘도반달커피,1
styling,1
오뭐입,1
돈다발,1
표현못하는병에걸렸나,1
온라인수업,1
잔디밭힐링,1
반반,1
이유식식단,1
민들레홀씨스타일,1
플레이클라우드,1
릴스초보,1
현미가래떡,1
밍크구스블루종,1
어으응그래그래,1
김귤탱어린이,1
시카세라마이드수분크림,1
브릭커피,1
왼손잡이아님,1
아몬드브리즈안보현,1
틴클크런치,1
건강식품추천,1
주말엔역시,1
동심파괴,1
오션뷰,1
소년시절의너,1
스케치테이블,1
밀크스무디,1
hideout,1
발롱블랑랄라블라입점,1
소방울,1
이제궁물도없음이야,1
막걸리마시는날,1
경남맘,1
밥을묵으라,1
아마추어극단,1
보바이갈로,1
그렇지그렇지,1
내똥강아지들,1
수분탄력크림,1
서성로,1
왼손아고마워,1
안보현음료,1
단백질초코볼,1
황성주박사,1
제주바다,1
내년부턴그냥현금줄게,1
오션뷰펜션,1
돌잔치,1
펫쇼,1
少年的你,1
다하홈,1
하이드아웃,1
apple,1
ballongblanc,1
초원,1
하나더사줄게,1
울산맘,1
주변3기,1
스냅챗,1
새틴기모ops,1
새다리,1
얼리버드,1
사치인가요,1
북성로카페,1
노력은배신하지않는다,1
아몬드브리즈식이섬유,1
단백질간식,1
바지락술찜,1
펜션,1
얼빡샷,1
아빠,1
betterdays,1
shirt,1
galaxys21,1
ipad,1
와콤,1
벙거지룩,1
몽탄,1
당신몸에맞는걸로,1
미하이스35,1
유아체험,1
부산맘,1
모차르트,1
릴스댄스,1
쑥떡와플,1
핸드메이드자켓,1
살좀찌자,1
유즈크롭,1
규리네운동회,1
수분크림추천,1
100프로캘리포니아산프리미엄아몬드,1
소호맘컨셉,1
무설탕,1
황성주,1
직업군인,1
거지존,1
이제니,1
permissiontodance,1
팬텀핑크,1
pencil,1
와콤타블렛,1
키드밀리룩,1
돼지궁뎅이,1
베스파전동스쿠터,1
mihys35,1
엄빠는쉬는중,1
내운명피하고싶어,1
근육,1
릴스챌린지,1
홀가먼트,1
강아지만나서계탐,1
드레규리,1
고요한,1
식이섬유음료,1
에세이그램,1
요거트볼,1
닥터스솔루션,1
실내복도매,1
원터치텐트사세요,1
직업군인가족,1
어버이날편지쓰면오글거려사망할거같아서못난딸은이렇게편지씀,1
기적의모나카,1
permissiontodancechallenge,1
육아는템빨,1
온더고,1
와콤인튜어스,1
거렁뱅이룩,1
pighip,1
전돌스쿠터,1
우중골프,1
62개,1
보관,1
릴스중독,1
하루라이트,1
쁘띠밍크,1
강아지시스루티셔츠,1
규리엄빠,1
수부지추천템,1
빈티지샵,1
평온한,1
식물성음료,1
북스타그램,1
프로틴볼,1
그래도_한번씩_무너지는멘탈ㅋㅋ,1
양산무릉도원,1
왜냐하면우리는우리를모르고,1
bootywurk,1
노견일기,1
newyearsresolution,1
와콤인튜어스프로,1
볼살통통,1
한두기식당,1
전동스쿠터공구,1
아기크림,1
강선생,1
dogecoin,1
충전,1
내사랑,1
일하랴육아하랴마누라챙기랴,1
수부지수분크림,1
쉬는날,1
데일리음료,1
뮬라웨어,1
27일차,1
프로틴추천,1
이벤트풍선,1
무쌍,1
허니와클로버,1
bootywurkchallenge,1
삼계탕,1
newbalance,1
zv1,1
녜녜의하루,1
털보산해횟집,1
바디버터,1
아중리,1
서경수,1
선물포장,1
db고객님,1
견과류,1
hyundairestyle,1
내사량이들,1
탄력크림,1
쿠션팩트,1
댕댕이파자마룩,1
봄밤,1
내몸의밸런스,1
뮬라웨어레깅스,1
18개월,1
다이어트식단,1
홍초,1
시이작,1
불후의명곡,1
도와달란말은아니야,1
해피치즈스마일,1
돌풍선,1
파워웜톤,1
ハチミとクローバー,1
tpain,1
축하,1
소니브이로그카메라,1
귤모자,1
오코제,1
은하씨6기응모,1
유비맘빨대컵 ,1
아쿠아버터,1
남푠님과데이트,1
와인리스트업,1
육아공구,1
하리보젤리,1
keikoo,1
어썸마사지건,1
보험상담,1
견과류맛집,1
restyle2020,1
하온이4세생일,1
뽀뽀괴물이랑귤탱,1
탄력크림추천,1
광채쿠션,1
기쁨의주절주절,1
식이섬유보충,1
뮬라를입어요,1
엄마의하루,1
자몽,1
한달반의여정,1
공천포,1
불후의명곡10주년,1
세차,1
27y,1
dancechallenge,1
완밥,1
specialday,1
기념일선물,1
소니유튜브카메라,1
은마난로,1
은하씨합격기원,1
유비맘빨대컵공구 ,1
평일데이트,1
모래,1
헬스기구,1
건강한간식,1
upcycling,1
5세아님,1
비건뷰티,1
갬성,1
톤업크림,1
어제첨으로셀미도전,1
날씨좋아,1
발라드,1
뮬라레깅스,1
하루가길다,1
전복,1
버터옐로우,1
공천포바다,1
포맨1기,1
노동후꿀맛,1
돌선물,1
휴학생,1
chungha,1
엄마랑나눠먹을려했는데,1
땡,1
jordan1,1
소니컴팩트카메라,1
물고기냠냠,1
쌀밥에돼지구이,1
유비맘공구 ,1
주말하루반납,1
오랜만에외출,1
무럭무럭,1
sustainableliving,1
키100몸무게15,1
모두의행복,1
188ak,1
미즈컨테이너,1
톤업크림추천,1
삐죽삐죽귀여운얼굴,1
또가요우리,1
한끼대용,1
감성노래,1
뮤즈레깅스,1
발효초,1
노을맛집,1
윤민수,1
딸등신,1
할로윈파티,1
snapping,1
엄마는국물만먹을께,1
지중해마을,1
jordan1darkmocha,1
asmrmike,1
미안하니까뽀뽀,1
청구역맛집,1
유비맘빨대컵공동구매 ,1
유아크림,1
잘먹고,1
키즈죽,1
보장분석,1
플리츠,1
기특,1
주렁투어,1
대구대,1
비비드온,1
만삭여행,1
뮬라,1
대체불가르주르,1
청정원홍초,1
실내복마켓,1
포맨4기,1
국민체조,1
인간샤넬,1
팔봉산,1
210418,1
asmr마이크,1
붕어싸만코,1
압구정진주,1
크리에이터모집,1
아기빨대컵 ,1
아기화장품,1
운동한듯안한듯햇지,1
잘놀고,1
모멘토키친,1
증권분석,1
빠른배송가능해요,1
서울번드,1
마무리는역시고기,1
깨알손가락하트,1
여름블랭킷,1
뼈주부,1
안면도핫플,1
가볍게비우고,1
음악추천,1
플라스틱프리,1
하남스타필드,1
기능성표시식품,1
제주선셋,1
하나둘셋넷다섯여섯일곱여덟,1
눈감았다뜨면딱저때로돌아가고싶다,1
april,1
산린이,1
근황,1
할수있다,1
유투버마이크,1
황비홍이마,1
시라카와,1
아기빨대컵추천,1
냐옹베개,1
잘쉬고올게요,1
도덕산유아숲체험장,1
업뎃예정,1
유기스푼,1
하루종,1
찾아보세요,1
곧만7짤댕댕이,1
만삭녀,1
든든하게채우고,1
베이비로션,1
스타필드,1
홈카페재료,1
나무식탁,1
둘둘셋넷다섯여섯일곱여덟,1
부산여행  ,1
goodvibes,1
경단녀,1
210421_바구랑,1
h1n,1
이마대장,1
유튜버모집,1
손소독 ,1
마약베개,1
특별혜택,1
도덕산캠핑장,1
seonsu,1
인천논현동맛집,1
홀가먼트ops,1
리하맘살아있어요,1
눈맥여주는냄푠,1
준우야양말한쪽내려갔어,1
해긴거하나좋긴하다,1
아프지만말아주라,1
d라인,1
비우고채우고,1
레이나모라,1
르주르,1
애견인,1
후토마끼,1
홈카페레시피,1
프레자일드,1
네살,1
7개월아기,1
joah,1
경단녀엄마,1
로지텍마우스,1
슬기잘가,1
핸들샷,1
손소독티슈,1
파워유전자,1
살아숨쉬는쿠션,1
몇달안남았다,1
모래놀이성지발견,1
likesforlike,1
논현동맛집,1
msg워너비,1
우리꼬맹이랑,1
플리츠후드패딩,1
전복죽,1
뒤에는귤탱이,1
말로만진행중,1
12시주문마감,1
크리스마스홈파티,1
아름다운,1
lejour,1
쭈꾸미,1
홈카페용품,1
검색창에제이드미나,1
포레스텔라,1
feelthewestainmentvibe,1
세젤예,1
용두해수욕장,1
생일맛집,1
로지텍mx버티컬,1
7월도출근,1
머리끈 ,1
중독주의,1
아무날도,1
돌쟁이간식,1
하루두번출석각,1
왔다감,1
오늘은또뭐하지,1
플리츠팬츠,1
멜크,1
포멜로,1
myhbd,1
멋진엄마,1
파워오투,1
르주르로션,1
펫팸 ,1
닭가슴살,1
음료레시피,1
신상마켓,1
수요일에만나요,1
민규형닮은꼴ㅋㅋㅋ,1
띠띠뽀,1
슈가브리움,1
새벽,1
현모양처,1
카드값은미래의내가,1
벨라코스타,1
기념일맛집,1
로지텍마우스추천,1
성공적,1
속초소방울,1
셀토스,1
딸맞아요,1
8세딸생일,1
한정식,1
화욜밤,1
캔들공방,1
폭풍의질주,1
유기농상추먹고신난만만이들,1
또만나요,1
패션후르트,1
5원소팬츠플러스,1
온가족로션,1
브랜드닭,1
에이드레시피,1
아동복마켓,1
상세보기는내일확인할수있어요,1
그런마인드,1
부캐,1
딸괴롭히기,1
나에게주는선물,1
일기,1
경차한대값,1
프레쉬스터디카페회룡점,1
보령청보리밭,1
생일스타그램,1
맥북에어,1
뒤트임이포인트,1
별미곱창,1
머리끈공구 ,1
남의편,1
반짝반짝,1
아기죽,1
생후851일,1
에이드엘,1
을밀대,1
귤팸,1
비누공방,1
썸머베딩마켓,1
톰크루즈,1
너희들자체가선물이야,1
프로필사진,1
스포츠음료,1
노쓰아틀랜틱,1
아기여름로션,1
무료제공,1
여름디저트,1
그런마인드빈티지,1
레몬나무,1
나도날모르는데당신이말안,1
갱스카페,1
맥북에어13인치,1
이뻐이뻐,1
태평양야식,1
머리끈최저가,1
아니고,1
수제청,1
sun,1
롤모델,1
아이투비,1
헬렌카민스키에타,1
목요일,1
우리부부취저,1
캔들,1
정원디자이너,1
산소음료,1
신생아로션,1
시원한음료,1
카페한라산,1
맛저하세요,1
나무키우기,1
표현,1
비,1
맥북에어스페이스그레이,1
최대섭대박김밥,1
내편,1
바나나크림다크초코블랜디드,1
멋진여자,1
롤리유아식판,1
스위트홈,1
케익캔들,1
여름,1
넷플릭스영화추천,1
흰둥이들이랑꽁냥꽁냥,1
공손한두손,1
레깅스추천,1
몽모랑시타트체리,1
여름간식,1
아르떼뮤지엄,1
홈데코,1
프레쉬스터디카페oo점,1
맥북에어m1,1
순정만화필터,1
짱좋음,1
유축지옥,1
벤티는사랑,1
수제오렌지청,1
성인간식,1
아들육아,1
리볼버,1
브랜드데이,1
6월업적400만원이상,1
오리랑눈사람,1
튤립캔들,1
더워더워더워더워,1
아아,1
리그램이벤트,1
미네랄워터,1
운동복레깅스,1
ph체질개선,1
사무실음료,1
오랜제주,1
유앤미,1
저녁밥상,1
플랜테리어,1
글귀,1
과속금지,1
손,1
맥북에어13,1
요즘대세라며,1
러시안블루그램,1
조리원천국,1
매일만보이상걷기,1
함박눈이펑펑,1
간편죽,1
썬프로,1
목요일,1
기다리던눈이와서행복한5살어린이,1
레터링캔들,1
하와이,1
앞에있어도,1
해운대버거인뉴욕,1
크로스크롭스웨트티,1
타트체리젤리,1
회사간식,1
idollens,1
참,1
관사라이프,1
새벽,1
hoian,1
10cm,1
발,1
맥북,1
우산러버,1
스시결,1
레이퀸,1
만보도전,1
서귀포,1
재무상담,1
어린이식판,1
규리취향,1
캔들선물,1
hawaii,1
뒤에있어도,1
버거샵,1
하버미스트,1
출생신고,1
쳔한옷,1
아이돌렌즈,1
크리스마스선물,1
목이따뜻해야안추운거야요,1
creamy,1
인증샷이벤트,1
20cm길게만들어주는효과,1
500일아기,1
진짜,1
간식대용,1
과천국립과학관,1
아이식판,1
9시에만나요,1
이거계속돌려보느라잠못잘뻔,1
캔들추천,1
수북칼국수,1
오빠보다큰마법,1
뉴욕맛집,1
칸나로제,1
괜히울컥,1
다음에는,1
좋아계획대로되고있어,1
todaymood,1
부상,1
발롱블랑신상6종마스크팩,1
추카추카,1
엄청,1
보리,1
식기,1
리에브샘플세일,1
꼭소리를키고봐야함주의,1
수북칼국수인기메뉴,1
뉴욕일상,1
글라이드,1
동편마을,1
인생20일차,1
사노핏,1
자체제작브랜드아동복,1
베이지브라운,1
메리크리스마스,1
블루베리나무,1
jyb,1
발롱블랑콜라겐,1
추억쌓기,1
맛있음,1
입체초음파,1
매일걷는여자,1
아이이주도식,1
모악산,1
배추,1
초밥,1
해피뉴이어,1
추격스릴러,1
솝,1
수북한상세트,1
심플크리스마스,1
해운대맛집추천,1
탯줄떨어진날,1
applecidervinegar,1
칸나로제원데이,1
이렇게한살더먹는구나,1
부탁해여보,1
끌리메,1
switchtome,1
장안동,1
ct,1
발롱블랑베리,1
생일이행복한이유,1
네기스키야키,1
갤럭시,1
남양주 ,1
선명함,1
남산둘레길,1
아이주도이유식,1
마감,1
지나치게덥다,1
늦은인사,1
3년째쓰는트리는이상무,1
비누선물,1
칼국수,1
이지크리스마스,1
조카사랑,1
직장인도시락,1
sanofit,1
몽베스트,1
지점토트레이,1
원데이렌즈,1
강율,1
산타분장,1
럭키걸,1
연남 ,1
장안동맛집,1
깁스,1
발롱블랑요거트,1
절로미소가,1
혜장국,1
워치,1
현대프리미엄아울렛스페이스원,1
둘째,1
2시간걸림,1
주말영업,1
repost,1
공구오픈,1
드디어월요일,1
레드카펫깔고스폰지밥나라의공주라는5살규디,1
비누추천,1
대구칼국수맛집,1
아빠와개딸,1
귀여운규빈이,1
소띠아기,1
말티즈그램,1
노폐물제거,1
montbest,1
쉿그놈을부탁해,1
뽀로로분장,1
엄마표홈스쿨,1
에세이,1
망원 ,1
jyp,1
고산면가,1
쉑쉑버거,1
발롱블랑시카,1
이래서,1
투뿔등심,1
손목시계,1
밥반찬 ,1
예비초등,1
7.5km,1
유아밥상,1
옛날실비,1
뚝배기불고기,1
근데너표정은왜그로는근데,1
수제비누,1
대구맛집,1
서울랜드,1
예쁜이,1
glyde,1
건강한다이어트,1
미니생수,1
가정보육놀이,1
황태,1
그놈은바로나,1
뭘해야하는거지,1
인생,1
한강 ,1
나로바꾸자,1
소바맛집,1
발롱블랑캐럿,1
8짜,1
악세사리,1
갈비 ,1
초등맘,1
스웨덴가정식,1
가족영양식,1
생후844일,1
실손의료보험,1
언젠가,1
산책가방,1
귤.크요이땅,1
천연비누,1
대구신세계맛집,1
맘마밀,1
천일기념,1
삼각밥,1
월화원,1
500ml,1
엄마도입자_버전,1
3살,1
깡으로악으로,1
한강공원 ,1
20210101,1
동대문구맛집,1
발롱블랑라벤더,1
딸처럼키우기,1
6짜,1
LA갈비 ,1
태명,1
두번은안먹기로,1
3살아기,1
밀키트추천,1
ㅎㅎㅎ,1
말잘듣는5살언니야되기,1
디자인비누,1
동대구역,1
요미요미,1
요가복브랜드,1
후유아,1
프리미엄생수,1
습관만들기,1
유럽여행,1
요가마스크,1
맛있다,1
remember,1
슬픔,1
상남자표정,1
참돔,1
갈비공구 ,1
청어요리궁금하긴함,1
센스맘,1
고집대장,1
그레이쉬민트,1
아이반찬,1
넘맛있는치케,1
강아지수건,1
현명한소비,1
굿밤,1
동대구맛집,1
야채와과일,1
시골강아지,1
사랑둥이,1
주먹밥,1
요가복추천,1
후유아서리태콩물두유,1
dreamyourdreamz,1
엄마옷,1
요섹남,1
뽀로로파크,1
공부못해도좋으니착하고건강하게만자라다오,1
자유여행,1
picnic,1
위로,1
올림픽공원,1
당장뭐라도할기세,1
엘에이갈비 ,1
운동그램,1
난주금붕어,1
kf94소형,1
미스티그레이,1
불고기레시피,1
잘먹었습니당,1
부녀심각,1
선물추천,1
뱀부시어서커패드,1
신세계대구,1
거제도맛집,1
오니기리,1
필라테스복추천,1
서리태콩물두유,1
생수추천,1
의견반영,1
여행,1
christmaseve,1
레이디하우스,1
러반로제레스토랑,1
나홀로나무,1
집앞놀이터,1
송강,1
아기밥반찬 ,1
살은안빠짐,1
난주,1
kf94마스크,1
밀스온,1
나의데일리,1
크리스매스준비중,1
신세계대구점,1
유아간식,1
거제핫플,1
두유추천,1
healthdrinks,1
머리,1
2일차,1
엄마왕년에,1
bodyfit,1
마실룩,1
signiel,1
칭찬,1
사진스타그램,1
최애,1
송은이망극하옵니다,1
반찬추천,1
많이걸어서보양식필요함,1
어린이마스크,1
집밖은위험해,1
tpe요가매트,1
불고기맛집,1
오늘도도치모드이상무,1
원데이클래스,1
지긋지긋한장마,1
먹스타그램,1
아기주스,1
키친크로스,1
거제외포멸치,1
냉동밥,1
저칼로리두유,1
얼음물,1
탈색머리,1
사범대,1
forever,1
벤츠따위,1
닭새우,1
샵링크 ,1
영화시사회,1
딸기도시락케이크,1
공적마스크,1
코로나19물러가라,1
따뜻한누빔자켓,1
3.마.리.포장기다리던중,1
비누클래스,1
비야그만,1
건강간식,1
티코스터,1
카페외포,1
삼각김밥,1
수부지추천템,1
1일1카페,1
무설탕두유,1
내꿈에물보라를,1
엄마들도_입자,1
mv_teaser,1
1일차,1
끌리메,1
bestmomever,1
시그니엘서울,1
겨울나무,1
화장실일뿐,1
갑오징어,1
샵링크멘토 ,1
아들의이름으로,1
수제딸기케이크,1
소형마스크,1
모헤어자켓,1
한남동한방통닭,1
아기음료,1
멸치,1
구운삼각밥,1
무첨가두유,1
오늘하루도수고했어,1
20200508,1
리얼모델,1
함께,1
한밭수목원,1
캣,1
아지트샵멘토 ,1
메가박스코엑스,1
유아마스크,1
초복,1
내딸랑구,1
homeinterior,1
대구스시맛집,1
멸치맛집,1
secrid,1
국산콩두유,1
파룸체험단,1
여성바지,1
금딸기,1
끌리메신사본점,1
조식,1
보노로그,1
초대해준신선배님감사합니다,1
펑펑,1
황사마스크kf94,1
삼계탕맛집,1
토이푸들,1
이번주는크리스마스,1
내엄마랑내딸,1
candle,1
거제명소,1
시크리드,1
연남동,1
딸기모찌,1
끌리메신사점,1
hanoi,1
한강뷰,1
눈보라,1
오늘은,1
금잔디,1
선배사랑후배사랑,1
kf94,1
채용공고,1
경성술집,1
월요일,1
강아지나시,1
soap,1
거제명물,1
폴바셋,1
아크오브디자인,1
예정일은6월10일,1
건강관리,1
택배기사님보듯,1
5개월아기,1
이태원,1
throwback,1
210304,1
농약안녕,1
곰돌이,1
샤리좀주라,1
고양이댄스,1
마스크공구,1
우삼겹찜,1
저축과보험은옥소리나게,1
체험단당첨,1
강아지거즈옷,1
아기최애템,1
예쁜카페,1
프레임,1
탄신일은6월19일,1
웨이크메이크,1
제이드미나아동복,1
연남카페,1
나를보는구나,1
오늘아님주의,1
몬드리안호텔,1
waterbomb,1
시그니엘,1
리노베라하세요,1
얼름쉐킷,1
바코,1
혼영화,1
강아지초상화,1
상하복세트,1
두부김치,1
공주아님,1
지멜,1
외출필수템,1
복합문화공간,1
폴바셋돌체라떼,1
카드지갑,1
엄마껌딱지,1
번외_,1
33개월째낯가림중,1
신혼일기,1
2018,1
시그니엘호텔,1
리노베라,1
코바코,1
미니트리,1
상하복세트공구,1
엄청고생하다가,1
밍크머플러,1
세젤귀세젤귀,1
젠스타일,1
6주년,1
효자,1
비건,1
아티스트하드펜슬,1
홍대카페,1
왜화내,1
결혼조하,1
편지,1
워터밤,1
you,1
101view,1
칼슘파우더,1
안성기님넘나멋지심,1
상하복공구중,1
왕자님이랑결혼하는,1
궁중팬,1
아빠바라기 ,1
팁코,1
이제시작인데,1
폭스브롯,1
젠스타일인테리어,1
폴바셋돌체라떼rtd,1
잠실고기집,1
연말선물,1
아침식사대용,1
올리브영아이브로우,1
연남동카페,1
왜울어,1
근데다음생엔안할거야,1
coldout,1
지소울,1
과일세정제,1
라방돌잔치,1
인스타공구 ,1
윤유선배우님넘나이뿌심,1
오목공원,1
서민,1
코팅,1
코펜하겐,1
tipco,1
언제끝나려나,1
상인동맛집,1
엄마는쇼핑중독,1
유월커피,1
돌체라떼,1
드럼통참숯석쇠구이,1
카드프로텍터,1
wakemake,1
원목장난감,1
네식구,1
카페시집,1
coronaout,1
크는건좋지만,1
초등,1
어린이도서연구회,1
크리스마스파티,1
우리아이상하복,1
뜨거운토요일,1
전주난장,1
오퍼프,1
팁코주스,1
더지니어스아카데미,1
뱀부패드,1
베이커리카페,1
베이비스타그램,1
만복이는새건다내꺼,1
미팅중,1
폴바셋커피음료,1
카드지갑추천,1
oliveyoung,1
아이스크림_실내복,1
연남센트럴파크 ,1
슬펑,1
백일,1
20200218_,1
오늘의유머,1
티파니,1
립앤아이리무버,1
아쉬움도한가득,1
본사추천멘토 ,1
성동지회,1
유아옷,1
트니트니수업,1
7080,1
피자플리즈,1
6월,1
홀가먼트,1
덕다운패딩,1
주스계의스타벅스,1
뱀부이불,1
달서구빵집,1
편식아기,1
잠시들러서,1
폴바셋스페니쉬라떼,1
카드지갑선물,1
아이메이크업,1
예쁜건같이입어요우리,1
칭찬은남편을춤추게한다,1
따봉샷,1
엄마와아들,1
발롱블랑립앤아이리무버패드,1
그래도쑥쑥크자,1
본사후기주인공,1
토욜문센,1
체험박물관,1
오퍼프x피플,1
득근득근,1
상담문의,1
부들부들부들,1
마시는태국여행,1
상인동카페,1
야채음료,1
라라데이,1
예쁘당,1
폴바셋라떼,1
성시경,1
부산캠핑장,1
아빠발바닥비행기가최고지,1
이제백일의기적를보여줘,1
체코,1
유머,1
민트박스,1
발롱블랑페이스미스트,1
너무배불러,1
2학년,1
아기바지 ,1
책선물,1
분위기전환,1
아역모델,1
아빠와함께,1
빠네또네,1
pfoa,1
플리츠코디,1
야근각,1
인생주스,1
베이커리맛집,1
라라데이케이크,1
커버영상,1
대저캠핑장,1
루프탑카페,1
뒷정리도두배로힘듬,1
20200213,1
웃으면복이와요,1
gsoul,1
비츠카페,1
햄버거맛집추천,1
미스트추천,1
지렁이사냥꾼,1
셀프케이크,1
아기여름바지 ,1
수제딸기케익,1
유아모델핏,1
스마트체중계,1
이관고객,1
엑스칼리버코팅,1
열촬,1
일상인스타 ,1
먹스타그램,1
홈캉스,1
서면,1
아이스라떼,1
대저,1
유아한복,1
유도분만,1
그릭요거트맛집 ,1
꾹꾹,1
킨더퍼페츠,1
동해 ,1
백일상,1
랜선여행,1
보이스피싱,1
홍성카페,1
선물용미스트,1
입에서,1
데일리베베세일 ,1
딸기라떼,1
한옥마을,1
스텐코팅팬,1
브로콜리,1
맛스타,1
유료광고,1
개팔자상팔자,1
점포카페거리,1
시원한커피,1
아동한복,1
제왕절개,1
포장중열일중,1
kinderpuppets,1
황금돼지띠,1
현실은,1
보이스피싱문자,1
18주년,1
여성청결제티슈,1
아기옷공구 ,1
딸기에이드,1
디즈니 ,1
집콕세끼,1
블로그마켓,1
브로콜리주스,1
불금,1
썬더버드,1
추석한복,1
오픈토스트 ,1
굿리브,1
타임랩스,1
천연아기화장품,1
원래이런거안올릴려고했는데,1
종강내놔라_,1
호피,1
카페인테리어,1
페미닌와이프,1
아무노래챌린지,1
아기옷맛집 ,1
책속에풍덩,1
야옹이키링,1
유아옷맛집,1
멜킨벤치프레스,1
디즈니공주,1
점심은떼우고,1
고민은배송을늦출뿐,1
팝도그,1
건강챙길나이,1
농심퀴즈대회,1
효소 ,1
goodliv,1
포장중,1
수면잠옷,1
버블메이트,1
20200227,1
레오파드,1
빼꼼이,1
바다뷰카페,1
anysongchallenge,1
아기옷최저가 ,1
기대기대기대기대,1
고양이키링,1
한강피크닉 ,1
스벅커피들고,1
미니핫도그,1
원터치텐트,1
550,1
그레놀라 ,1
무화과콜라겐s,1
택배발송,1
거품입욕제,1
이불빨래만큼은피해보려했는데,1
이지금,1
호랑이,1
쪼꼬미,1
발롱블랑화장품,1
zico,1
아기에어컨바지 ,1
책읽는즐거움,1
아프지마,1
4단계,1
투썸까지,1
마킹왕,1
육개장사발면,1
봄노래,1
여름수면조끼,1
방긋,1
아기입욕제,1
후,1
오늘룩,1
다내꺼,1
몸상태,1
블랑케어,1
잔망이들,1
이런게행복이지,1
에어컨바지,1
힐링받았는데,1
이게모야,1
오늘도,1
주스추천,1
김치사발면,1
봄노래추천,1
부부일상,1
무화과,1
수면조끼,1
람보르기니,1
우리집두남자,1
범내려온다,1
비와도좋아,1
챙길건챙겨야,1
ballonblanc,1
시리쭈,1
슈블랑 ,1
급격한체력저하,1
봄비,1
비타민캔디덕에,1
앙코,1
집콕생활,1
키즈주스,1
완벽한데이트코스였다,1
신상후기,1
뽁뽀로뽁뽁,1
퀴즈,1
인스탁스,1
포맨이벤트,1
이건안되는데,1
날놔달라,1
vsco ,1
호랑이,1
키카출동,1
우정스냅,1
용돈받는남자,1
아무노래,1
반려동물,1
슈블랑베베 ,1
요샌맨날우울,1
soldout,1
수저살균기,1
웃으며병원행,1
새만금방조제,1
앙코tv,1
방송보고_지갑열리는건_말리지않을게요,1
듣기좋은노래,1
폴라로이드,1
포맨영영이벤트,1
엄마는찜질중,1
작가,1
신사,1
조빛유,1
아빠만찾는딸,1
서울스카이,1
당근,1
아무춤,1
계절탓인가,1
와사비크래미샌드위치,1
어린이집타령,1
천생연분,1
원리73,1
컵라면,1
인스탁스스퀘어,1
손수건빨래,1
pilatesreformer ,1
포맨노래이벤트,1
육퇴하고싶다,1
가가멜스_팁1,1
글스타그램,1
좋테 ,1
호피,1
엄마는쉰다낄낄,1
제2의롯데월드,1
케잌,1
따라해봤어요,1
나이탓인가,1
바이러스예방,1
그래낼은등원해라,1
쇼윈도,1
삐파모임 ,1
베이지그레이,1
찹다치킨,1
강아지바캉스룩,1
keep,1
밤부베베,1
재미있게잘놀다가와,1
사연이벤트,1
육퇴후자유시간,1
페이버핏,1
가로수길,1
190cm,1
롯데타워전망대,1
지글지글,1
파스타,1
댄스는자기느낌대로,1
아지트샵독립형쇼핑몰 ,1
미세먼지차단,1
기관지염,1
바벨세트,1
맛집추천 ,1
금강회초밥,1
클린간식,1
잠자는숲속의공주,1
캠핑스타그램,1
손수건빨래만세번째,1
예쁨충전,1
너를기다려,1
100점짜리딸,1
가가멜스_팁3,1
favorfit,1
prettysavage,1
꾸안꾸스타일,1
홈쿡스타그램,1
쎄라비,1
미세먼지제거,1
이빈후과단골손님,1
가정용벤치프레스,1
캐시미어코트,1
쟁여템,1
배송주간,1
들안길맛집,1
닭가슴살소세지,1
유치함의끝판왕,1
다대포,1
나만건조기없어,1
피부콜라겐,1
0점짜리아빠,1
가가멜스_팁4,1
페이버핏서포터즈,1
lovesickgirls,1
문창동,1
맘껏놀아,1
잼없는일상,1
깜찍,1
만능살균기,1
노포,1
리하맘강추,1
자유부인 ,1
기다려주시는모든분들감사ᄒ,1
황금동맛집,1
휴게소간식,1
포테토칩곱창이핫해,1
beautiful,1
부산다대포,1
인간탈수기,1
더워도너무덥지만,1
돌,1
가가멜스_팁5,1
사진하다,1
lfl❤️ ,1
레이디스하우스,1
이디야커피,1
그라나파다노,1
청소대장,1
사람만나기싫음,1
비스카멀티살균기,1
원조할매집산곰장어,1
원플레이트,1
얼리롱무스탕,1
최선을다할께요,1
대구수성구맛집,1
닭가슴살핫도그,1
미완성,1
crush,1
다대포할매집,1
힘들다,1
그래도진짜리뷰,1
주문감사합니다,1
191217,1
lflf ,1
아침식단,1
트래블키트,1
육아스타그램아지트샵재가입 ,1
호랑이머리띠,1
53년전통,1
가정용러닝머신,1
수성구맛집,1
신상과자,1
cover,1
다대포맛집,1
슬로우스킨스,1
오픈무료배송,1
한국인재교육원 ,1
후천적선한인격만들기,1
프로필촬영,1
blueming,1
몽디에스,1
오늘은개구리머리띠하고감,1
만능템,1
소금구이,1
파인애플,1
강아지베개,1
인스타그램 ,1
vt코스메틱,1
능소화,1
범어동맛집,1
홈브런치,1
다대포몰운대,1
제주수분크림,1
new_update,1
사진찍을때하품하는거아니야,1
무상제공,1
갤럭시 ,1
바이올린한달째,1
여아레고,1
양념구이,1
코로나조심,1
브이티코스메틱,1
스노쿨링,1
우주의여름,1
제니퍼룸,1
굿즈,1
몰운대,1
자세한건네이버검색,1
남매,1
순시리할머니이걸로주사맞으면안돼요,1
선미,1
아기친구호이,1
갤럭시s21 ,1
초1일상,1
수제샌드위치,1
레고레스토랑,1
selfies,1
택배는정상출고중,1
vtd6시카캡슐마스크,1
어린이스노쿨링,1
마당생활,1
jenniferoom,1
강아지시스루,1
hundred,1
연년생,1
제대혈,1
사진관,1
iphone12,1
최애템등극,1
이건몇년쓸라나 ,1
레고,1
부끄러움은,1
곰장어맛집,1
리얼핏밴드더프로,1
vtd6슈퍼히알론캡슐마스크,1
가습기,1
오빠랑노는게젤좋은,1
곱창맛감자칩,1
부산야외맛집,1
슬로우수분크림,1
teaser,1
모기와의전쟁,1
제대혈기증,1
프로젝트23스튜디오,1
아기곰,1
ㅋㅋㅋ ,1
레고스타그램,1
엄마몫,1
디엠,1
스위티덤벨,1
페이보잇꼬치,1
마스크필수,1
워시오프팩,1
수성구핫플,1
제니퍼룸가습기,1
뽁뽀로뽁뽁만복이,1
부산야외식당,1
제주귤꽃,1
아빠가묶어준머리,1
20200225,1
홀리데이위드해피하우스,1
맞춤정장,1
공주님놀이,1
은하씨5기,1
버즈는내꺼 ,1
레고공구진행중,1
너하고싶은대로,1
도산맛집,1
꼬치구이,1
고급의류,1
답답,1
6일팩,1
아저씨시원해보이시네요,1
대구초밥,1
초음파가습기,1
다대포노을맛집,1
제주천연화장품,1
공부,1
하트타투,1
태열아없어져라,1
jessi,1
메리배라스마스,1
베이지자켓,1
도치맘등극,1
소름,1
레고공구합니다,1
다해,1
도산공원,1
꼬치,1
무서운코로나,1
6범팩,1
지산동맛집,1
가습기추천,1
이쁜밤되세요,1
숯불곱창구이,1
musician,1
다대포막걸리,1
제주화장품,1
재활필라테스,1
노력하면반드시이룬다,1
36주,1
배스킨라빈스,1
베이지코디,1
50만개,1
장화안신어서,1
애드리브,1
닭꼬치,1
당분간외출금지,1
내산타 ,1
신생아가습기,1
곱창스낵,1
부산막걸리맛집,1
moisturecream,1
웨이트,1
작전명_간식비,1
선미,1
merrychristmas,1
남자자켓,1
국민수세미,1
공구중,1
염통꼬치,1
대패삼겹으로,1
캡슐마스크,1
범물동맛집,1
가습기청소,1
과일간식,1
곱창과자,1
부산막걸리,1
우리아들,1
태교일기,1
liketime ,1
프로젝트23스튜디오,1
스벅쿠폰,1
zzz,1
펫유튜버,1
아이들세상,1
반려견그림,1
청양고추많이,1
내사랑 ,1
크림마스크팩,1
수성못맛집,1
대용량가습기,1
복숭아,1
필리핀,1
 연남동,1
유의미커피로스터즈,1
잘한다,1
베이비샤워,1
photographer ,1
201201,1
이벤트,1
아가언어번역기,1
젤리공작소,1
즐거운하루,1
반려견키링,1
어린이장난감,1
캠핑음식,1
신상할인놓치지마세요,1
클레이마스크팩,1
땡스투유,1
아기가습기,1
딱복,1
102주년삼일절,1
쪼그려앉기,1
어쩌다어달 ,1
35주,1
아가언어해석,1
삼성제트,1
초등놀이감,1
러닝머신,1
속닥속닥,1
모공청정,1
스모어오갓멜로,1
딱딱이복숭아,1
섭지코지,1
콜드컵,1
홍대입구,1
대한독립만세,1
똥머리,1
단풍놀이,1
빛유,1
마약방석,1
마에스트로,1
삼성bespoke제트,1
어도연성동지회,1
프로다이어트러,1
바다낚시,1
강아지여름나기,1
진정케어,1
디저트,1
마법디저트,1
별내,1
말랑이복숭아,1
과자,1
스윙그네,1
어이없음,1
칼리도스코프,1
쿠션추천,1
휴일의_촬영,1
목요일 ,1
보보_늦은후회,1
여행  ,1
내소사,1
いいね返します  ,1
roommatesonly,1
energy,1
wow,1
삼성비스포크제트,1
스웨이드스커트,1
백화점나들이 ,1
피지케어,1
우리들의행복한시간,1
대구카페,1
테판하우스,1
과수원,1
뮤지엄같은카페,1
맵단짠,1
그랜드스윙,1
키즈존,1
파인니,1
산소통쿠션,1
이노래를왜이제불렀을까,1
나의별똥별,1
주부일상,1
강아지목도리,1
잠시쉬어갈께요,1
비스포크제트,1
식욕조절,1
디저트39,1
체력방전,1
강아지인견매트,1
새벽인스타그램 ,1
모공케어,1
도원동카페,1
콩콩이이불,1
과일추천,1
공간인테리어,1
군것질,1
민트가든,1
돌체카라멜칩커피프라푸치노,1
브런치 ,1
코랄헤이즈,1
늦은후회,1
유니폼은당분간안녕,1
16살,1
살림은어려워,1
하네스,1
속초여행,1
브이라인실종,1
삼성무선청소기,1
안주 ,1
책선물은놉,1
dessert39,1
며느리룩,1
수분공급,1
뱀부리플패드,1
까사디에이본,1
백도,1
캔맥주,1
제주도민트가든,1
아침브런치 ,1
코랄헤이즈쿠션,1
평일,1
피아노도혼신을다해,1
둘이가위바위보해라,1
이제가가멜스팁말고,1
주부파업,1
포튼가먼트,1
u라인,1
무선청소기,1
안주추천 ,1
지적허영심충족,1
그림선물,1
입맛땡기는맛,1
리벤지,1
캐시미어니트,1
오늘의다짐,1
뱀부시어서커홑이불,1
데일리그램,1
인형놀이,1
황도,1
부산핫플레이스,1
안주,1
제주도스윙,1
fgf7쿠션,1
일탈,1
저도민초단,1
아빠는이긴적없는싸움,1
메이크업 ,1
노형수퍼마켙,1
doglife,1
톰과제리치즈케이크,1
도깨비,1
포튼가먼트부천점,1
삼성bespoke제트봇ai,1
안주과자 ,1
졸맛탱,1
자동차랑,1
핑크,1
리에브리,1
텐션좀만줄여줘,1
여름이불,1
좋아요,1
과일맛집,1
단짝,1
안티에이징쿠션,1
연남술집,1
민초단,1
배그,1
뷰티스타그램 ,1
세상귀여움,1
고양시맛집,1
영진해변,1
베스트포트너이벤트,1
삼성비스포크제트봇ai,1
진미채튀김,1
여긴딴세상,1
다이어트보조제,1
기차만,1
프로마쥬000,1
니트세트,1
강아지여름이불,1
첫장부터천사아니고개구쟁이,1
인스타,1
모던하우스난로이불,1
부산복함문화예술공간,1
글라스하우스민트,1
수국,1
밀착커버,1
포에버,1
결혼축하감사인사다못해서미안해요,1
그녀의크록스,1
모래시계,1
포트너,1
비스포크제트봇ai,1
숨마스크 ,1
딴세상공기한번마셔봄,1
힘내세요,1
다이어트하기,1
6번탄건,1
온천장맛집,1
오그래놀라과일,1
투피스,1
아기세제,1
이케아동부산점,1
난로이불,1
멋스러운,1
테라굿즈,1
결혼식축가,1
섭지코지로,1
보라돌이,1
마스크프루프,1
술,1
배틀그라운드,1
이것때문에정신없었어유,1
prada,1
맛쫑ep_32,1
정동진,1
맞춤정장,1
삼성로봇청소기,1
마스크공구 ,1
일상으로돌아올시간,1
얼죽아,1
안비밀,1
디저트카페,1
경상도맛집,1
요가링,1
오그래놀라검은콩,1
헬렌카민스키,1
아기세제추천,1
겨울이불,1
달맛이길,1
편의점스타그램,1
보라덕후,1
스쿼드,1
butter,1
지비츠,1
하슬라아트월드,1
베이지자켓,1
로봇청소기,1
마스크공공구매 ,1
모두함께,1
부산밀면맛집,1
로로피아나,1
기모원피스,1
아기세탁세제,1
갈남항,1
과자추천,1
폴킴,1
제주도사진,1
보라보라,1
세정,1
듀오,1
미아방지목걸이,1
딸안낳았음어쩔뻔,1
베이지코디,1
ai청소로봇,1
성인마스크 ,1
힘내서으쌰으쌰,1
라바짜커피,1
프롬하와이,1
리얼폭스,1
유아세제,1
금단미인,1
모든날모든순간,1
제주도가볼만한곳,1
터널,1
style ,1
selenagomez,1
딸키우는재미,1
남자자켓,1
청소로봇,1
숨마스크공구,1
한남동맛집,1
신상입어보기,1
빅아일랜드,1
바벨원판,1
레시피,1
100덕다운패딩,1
유아세제추천,1
목화솜인견패드,1
이불추천,1
들러리촬영,1
금단미인이우재,1
제주도여행코스,1
99.9,1
예뻐,1
fashion ,1
파시코,1
엄마도똑같이할거다,1
고양시,1
인생샷,1
삼성bespoke슬림,1
깔롱선글라스 ,1
쥬에,1
우리아이공구샵,1
크림치즈,1
분위기맛집,1
이번여름은,1
캐시미어밍크,1
이제내시간,1
강아지인견방석,1
천연세제,1
삼척아이랑가볼만한곳,1
침실스타그램,1
복숭아요거트,1
고생했다,1
금단비가한의원,1
aware,1
세배연습 ,1
군인,1
posyko,1
blueblue,1
걸을수있자나,1
입학,1
추석이벤트,1
삼성비스포크슬림,1
아기선글라스 ,1
딤섬맛집,1
커피한잔의여유,1
디폼,1
프로마쥬,1
이국적분위기,1
편의점마실 ,1
아기섬유유연제,1
삼척스노쿨링,1
인견패드,1
복숭아케이크,1
우리대단,1
금단미인환프리미엄,1
제주사진,1
어웨어,1
구십구쩜구,1
직업군인,1
bloo,1
12키로베이비,1
ep32,1
단천면옥,1
이뽀이뽀💕,1
비스포크슬림,1
팔선만큼맛남,1
디폼세트,1
마약음료,1
리하가족,1
내새끼 ,1
신생아세제,1
인견,1
세대차이,1
복숭아에이드,1
너무재밌어,1
secret,1
운동복브랜드,1
클린자차_어웨어,1
데일리실내복,1
신용재dear,1
"연년생남매 
",1
brooklyn,1
봉브레드,1
바디필로우,1
청소기추천,1
아기소품 ,1
오랫만에코스요리,1
낮술한잔,1
디폼놀이,1
대용량,1
jtable,1
귀욤귀욤 ,1
아기섬유유연제추천,1
목화솜,1
월리를찾아라,1
🍑,1
또,1
다이어트제품추천,1
beppeu,1
어웨어스킨브리딩톤업선크림,1
데일리웨어,1
신용재,1
후천적착한인격만들기,1
만석닭강정,1
삼성청소기,1
아기안경,1
먹었으니운동하면아까움,1
하이네켄생맥주,1
유아놀이,1
기프티콘선물,1
방아당,1
라라앤모어,1
기분전환,1
쌍둥이육아,1
다음은누구,1
또가고싶다,1
첫번째정규앨범,1
4살아들 ,1
별똥이가복다받아라,1
ulzzangkorea,1
이것이바로,1
초당순두부,1
코기,1
ready제트go2차체험단,1
볼에바람넣을나이ㅠㅠ,1
낮맥한잔,1
초등생놀이,1
기상청,1
익산,1
완두샌드,1
라라앤모어섬유유연제,1
금단미인릴레이,1
잼있던하루,1
출산언제해,1
저자극선크림,1
dear,1
"까치까치설날 
",1
남편이부른축가웃겼어,1
현장체험학습,1
초당젤라또,1
귀여운,1
우비소년 ,1
ready제트go이벤트,1
트윌리,1
군자맥주집,1
두뇌운동,1
뭐하니,1
감,1
방아당완두샌드,1
목화솜인견패드,1
금단미인서포터즈,1
ㅋㅋㅋ,1
필라테스레깅스,1
순산기원,1
순한선크림,1
소도구,1
의료진을응원합니다,1
리프컷,1
실루엣,1
가오리생선찜,1
가전을나답게,1
소근육발달,1
운전만세시간,1
감나무,1
완두시루떡,1
출산선물추천,1
오마이벌룬,1
한약녀,1
secre,1
39주,1
덕분에챌린지,1
새해인사 ,1
전주그랜드힐스턴,1
대한민국구석구석,1
쇼컷,1
oakwoodpremier,1
이모네식당,1
인싸템,1
삼성전자이벤트,1
스카프,1
아빠만고생,1
시루떡,1
출산용품,1
인견,1
커스텀풍선,1
샤넬,1
하루건강,1
의료진덕분에,1
설날한복 ,1
호텔예식,1
얼집하원,1
송도오크우드,1
부상투혼,1
귀여운사진,1
육아는템빨 ,1
스카프링,1
초등생장난감,1
힙하게입고,1
찰떡,1
인견패드,1
풍선맛집,1
오짬,1
유리잔,1
시크릿공식몰,1
샤넬지갑,1
하루사과즙,1
아기한복,1
엘리자베스럭스,1
너무빠르다,1
오크우드호텔,1
속초새로운한의원,1
봄엔스카프,1
아빠랑놀기,1
오늘도씽씽이,1
진안,1
육아인스타 ,1
누빔패드,1
진천동일식,1
오짬순,1
더맑은숨마스크,1
샤넬카드지갑,1
생사과즙,1
칼라추천,1
전신거울,1
크리스마스홈파티 ,1
스티븐유릭,1
수영초보,1
팔로우이벤트,1
오크우드프리미어인천,1
쇼핑몰창업 ,1
셀프선물,1
엄마랑놀기,1
꺽지,1
푸들크롭  ,1
초밥맛집,1
짬뽕순두부,1
필라테스리포머,1
secret_review,1
샤넬클래식,1
씨없는사과즙,1
크리스마스요리 ,1
전주웨딩,1
초급반,1
nightview,1
삼국지,1
낚시,1
푸들옷 ,1
비그믄으르즌쯔,1
오징어짬뽕,1
플랭크,1
마스크,1
샤넬캐비어,1
아기사과즙,1
크리스마스음식 ,1
코믹삼국지,1
재미난놀이,1
씽씽이문신설,1
민물낚시,1
하체운동 ,1
"강아지드레스
",1
오징어짬뽕순두부,1
코어운동,1
색깔마스크,1
언박싱,1
임산부사과즙,1
눌러주세요,1
문화콘서트난장,1
밤새서쓰고새벽출근했어요,1
청양,1
제습제 ,1
유아면티,1
용산,1
층간소음 ,1
꼬마김밥,1
챠콜그레이,1
해장라면,1
천황산,1
착즙사과즙,1
grow,1
스테이크 ,1
내소중한자료캡쳐유포하지말아주세요,1
프리다이빙,1
청양가볼만한곳,1
웰시코기그램,1
제습제추천 ,1
유아반팔티,1
아이파크몰,1
담주부터다시열심히만들어줄게,1
제니아빈,1
아이폰xs,1
직당인다이어트식단 ,1
리본머리띠,1
191017,1
카나페 ,1
지극히주관적인팁입니다,1
너땜에웃는다,1
맛쫑_ep30,1
제습제만들기 ,1
일상속독서,1
면100,1
스폰지밥,1
아임비오유산균,1
대구달서구카페,1
주방템,1
옴뇸뇸,1
흐앙,1
영남알프스,1
사과즙추천,1
요리는정성 ,1
취업,1
체력증진,1
충청도여행,1
제습제최저가 ,1
19금삼국지,1
낮부터밤까지,1
마더스올,1
뱀부리플패드,1
한라산등반,1
영알,1
브라탑,1
아빠요리 ,1
취업준비,1
초집중모드,1
핑크뮬리,1
제습제공구,1
지루할틈이없음,1
유아티셔츠,1
라베니체,1
여자친구랑,1
"푸들크롭 
",1
6세언니 ,1
아기유산균,1
살림템,1
트위터레시피,1
영알9봉,1
사과즙100포,1
레깅스코디 ,1
남편요리,1
자기소개서쓰는법,1
두드러기,1
찐부부,1
딱2분,1
고운식물원,1
엉스타그램,1
육아코디 ,1
회색고양이,1
강남두피마사지,1
유아필수템,1
발왕산,1
약간부글부글 ,1
신생아유산균,1
대구갈만한곳,1
동탄,1
백록담,1
천황재,1
더브레드블루 ,1
2층집,1
할아버지공장,1
오랑주리,1
30년차,1
좀더하지그랬니,1
천장호출렁다리,1
엉덩이,1
먼지,1
머리집게 ,1
두톡스,1
보세옷,1
구름,1
에어바운스데이,1
오늘도사랑으로 ,1
아기유산균4세대,1
성서맛집,1
동영상,1
사과즙50포,1
기본실내복,1
산타선물 ,1
자기소개서,1
현재 ,1
수린이,1
핀덴,1
깡통열차,1
코기엉덩이,1
포포,1
아기머리핀 ,1
강남구청점,1
봄신상,1
ㅋㅋㅋㅋㅋㅋㅋㅋㅋㅋ ,1
신생아유산균4세대,1
김우주,1
성서카페,1
라우니,1
샘물상회,1
로켓배송,1
건대카페,1
아빠산타 ,1
미래 ,1
swimwear,1
최고장난감,1
애즈유라이크,1
중딩,1
빠질커피,1
어린이준비중 ,1
아기머리띠 ,1
두피힐링,1
레이어룩,1
엄마빨리와,1
만남회포차,1
❤️ ,1
포스트바이오틱스,1
엄마의모든것이궁금해,1
정원카페,1
rownie,1
1인기업,1
밀양얼음골케이블카,1
운동복협찬환영 ,1
크리스마스아기선물 ,1
동기부여 ,1
swimming,1
3030다이어트,1
남매스타그램,1
아기머리집게 ,1
머리마사지,1
생후820일아기,1
철길마을,1
오징어회,1
신생아영양제,1
대구디저트카페,1
함평카페,1
브라우니맛집,1
숙성삼겹살,1
밀양등산,1
외할머니집,1
운동복브랜드 ,1
고퀄보컬특집,1
우리모두행복하자,1
단기간다이어트,1
여아코디,1
해물라면,1
아기영양제,1
대구신상카페,1
수제브라우니,1
남성역맛집,1
부산근교등산,1
출근 ,1
여름에편한실내복,1
아기머리띠,1
레깅스룩 ,1
엑소,1
초보수영,1
교문밖,1
커피다이어트,1
기저귀가방 ,1
6세남아,1
도산카페,1
잘노는꼬맹이들,1
아기영양제추천,1
주택리모델링,1
대구분위기좋은카페,1
더숲시공,1
남성역고기집,1
모녀룩,1
나는아무생각이없다,1
성수동핫플,1
exo,1
산타는아빠,1
승무원준비,1
수영복추천,1
과일먹방,1
졸업사진,1
셀티바,1
가방 ,1
6세삼각관계,1
발왕산케이블카,1
보는것만으로도,1
완분아기영양제,1
아키우노,1
디저트택배,1
돌쇠와석쇠,1
왜냐하면아무생각이없기때문이다,1
바한,1
첸,1
에세이 ,1
이제말하기시작,1
보령해안도로,1
daughter,1
celtiva,1
기저귀가방공구 ,1
기분은좋은듯,1
유아슈트,1
인스타육아 ,1
아기유산균제조일자,1
더숲부산점,1
디저트배송,1
무섭다사실,1
vahan,1
뽀뽀샷,1
chen,1
캠프파이어 ,1
채용,1
설레는,1
친친,1
초상권보호,1
커피사먹지말자,1
기저귀가방추천 ,1
한참을자랑함,1
베이비옷,1
유산균제조일자캠페인,1
모다아울렛카페,1
더숲부산점오픈,1
펭수,1
미니멀리스트,1
기본이_제일_중요해요,1
성수동카페거리,1
사월이지나면우리헤어져요,1
채용공고,1
편지 ,1
숏단발,1
대전글꽃중학교,1
운동하는커피,1
초2,1
엄마룩 ,1
유치원은사랑랜드,1
유아킥보드,1
예쁜자전거 ,1
아기비타민d,1
모다아울렛근처,1
쇼핑쇼핑,1
미니멀리스트솝,1
사지우헤,1
"camping 
",1
저질렸다,1
rose,1
맘룩 ,1
앉아서타는킥보드,1
인테리어소품 ,1
아기유산균비타민d아연올인원,1
가족카페,1
내강아지,1
가벼움앤,1
followmeto,1
퇴근,1
사월이,1
캠핑요리 ,1
새벽 ,1
카페인크레쉬,1
여행중,1
대천해수욕장,1
다이어트커피,1
거실장,1
맘룩코디,1
남매룩,1
아기아연,1
대구더핫플,1
잠시빌림,1
협찬이지만대박,1
용인,1
약산성비누,1
인디안레이블,1
첫셀카,1
플로라커피,1
커피먹고운동,1
트레이닝룩 ,1
힐링타임,1
다둥이룩,1
첫날,1
벛꽃산책,1
우연한만남,1
앤밸런스,1
용인맛집,1
더운날은,1
안목해변,1
indianlabel,1
yoga,1
글로로겐산,1
그대와함께,1
사진은,1
파인애플볶음밥,1
특히먹는거,1
동네벛꽃,1
반가웠어,1
가벼움앤효과,1
용인처인구맛집,1
단짝친구,1
아아메,1
찻집,1
안목해변카페거리,1
여름캠핑 ,1
아쉬탕가,1
체지방감소,1
작은행복큰기쁨,1
우리아이룩,1
평화롭지,1
인테리어스타그램,1
롤린따라하기,1
준우야좀비켜주겠니,1
빵칼,1
sns대란템,1
용인레스토랑,1
아이스카페,1
진리,1
캠핑장 ,1
ashtanga,1
바다가,1
bff,1
소중한시긴,1
걷지못하는아기,1
에어콘풀가동,1
내돈내먹,1
잠시휴식,1
꿀템,1
케렌시아,1
우무,1
icecafe,1
별내카페,1
팝콘이,1
가족캠핑장 ,1
나투시 ,1
핑프는제가너무슬픕니다,1
만두카,1
처음이라어색,1
bestdriver,1
거실꾸미기,1
감사해요,1
울동네이쁘니,1
그저뛰는아기,1
협찬아님,1
팬,1
수피아카페,1
변비직빵,1
억새,1
아이스티,1
남양주맘,1
비숑숑숑,1
뷰맛집 ,1
만두카요가매트,1
그래도좋아,1
검단산,1
강문해변,1
준우야얼굴에김묻었어,1
장디톡스,1
용인데이트코스,1
억새밭,1
프로필촬영 ,1
내방의카페,1
아이와가볼만한곳,1
비오는날뭐해,1
아노락 ,1
뭐지,1
조이,1
정지된시간,1
생후815일,1
바나나김밥,1
잘생김말고진짜김,1
힐링,1
속성다이어트,1
성내천맛집,1
달음산,1
눈바디 ,1
비오는날같이들어요,1
요가하는여자,1
우연히,1
가을산행,1
꾸안꾸 ,1
내마음은갈대,1
아기장난감추천,1
오래오래함께하자,1
유아자전거,1
대구동물병원,1
기분업,1
오금동맛집,1
나한테안경 ,1
기장달음산,1
배드블러드 ,1
점점탈모오는데,1
송정해수욕장,1
산타는여자,1
남긴,1
초계국수,1
패션의완성 ,1
싱글맘,1
남매룩공구예정,1
비눗방울놀이,1
아들땜에,1
쥐띠아기,1
리얼,1
웰치소다,1
내꾸미쭈꾸미,1
안경 ,1
기장등산,1
모아두니예쁨,1
노스피크샌드 ,1
탈모약추천,1
ep_29,1
아기장난감추천 ,1
언팔앙돼요,1
아라마루전망대,1
피곤한냥이,1
12개월아기,1
자연,1
내꾸미쭈꾸미오금동본점,1
안경테추천 ,1
해주세요,1
mbti ,1
베스트,1
하늘사진,1
주방놀이 ,1
독서계절,1
아라마루,1
돌아기,1
수피아카페,1
음료추천,1
쭈꾸미맛집,1
안경추천 ,1
통살치킨,1
헤어,1
성격 ,1
애셋맘,1
아기주방놀이 ,1
쌍둥이룩,1
오징어맛집,1
아들래미,1
울산,1
웰치,1
송파구맛집,1
안경쇼핑몰,1
아리생일,1
프로다이어터 ,1
야식이야,1
camping ,1
승무원머리,1
조용히,1
닭볶음탕,1
주방놀이공구,1
냥이사랑,1
키즈까페 ,1
미팅후,1
다이어터계정 ,1
온라인도매,1
세인트존트 ,1
camper ,1
어피,1
몬스터,1
여의도,1
조심히,1
졸업맛집,1
닭볶음탕레시피,1
구름목욕시감 ,1
1일1권,1
배색뽀인트남매룩,1
800일기념,1
냥이랑,1
뚱캔,1
한칼라만_하기로결정,1
새인트존스호텔,1
울산캠핑장 ,1
에너지젤,1
더현대,1
놀자,1
중국집,1
신지키친,1
구름목욕시간공구 ,1
일단30권도전,1
이화김치찌개,1
바벨 ,1
사랑에빠진꼬맹이,1
유아반찬,1
더숲시공,1
탄산음료,1
치즈시즈닝뿌렸닭,1
무료배송_이벤트,1
울주해양레포츠센터 ,1
화장품분석,1
뒷뜨루,1
cinjikitchen,1
거품놀이 ,1
평생실패다이어트,1
우리아이뽐내기,1
장난은,1
청라호수공원,1
Hergé,1
이화칼국수,1
바벨봉 ,1
유아식판식,1
카페포인트,1
신화월드,1
매운맛입혔닭,1
신상은_7월12일_정오12시,1
진하해수욕장 ,1
스프레이추천,1
극복 ,1
설탕,1
강남맞춤예복,1
거품목욕 ,1
그래도도전,1
적당히치자,1
무한리필,1
이게머선129,1
유아식메뉴,1
포항카페,1
서린동,1
스카이온파이브다이닝,1
허니간장입혔닭,1
캠핑장추천 ,1
헤어스프레이,1
강릉경포맛집,1
강남맞춤정장,1
힙스타그램 ,1
아기거품목욕,1
낼부터도전,1
배터져그램,1
카페월메이드,1
유아식기록,1
구룡포,1
서린동예쁜건축,1
모둠곱창,1
등산가방,1
단가라실내복_사랑,1
비키니,1
캠핑장비 ,1
워터스프레이,1
대학생 ,1
태어나서처음,1
더위,1
강릉조개맛집,1
맞춤예복,1
오늘은전복파티,1
우리아이,1
26개월,1
배나오니아재그램,1
kaffee_wellmade,1
유아식단기록,1
르네마그리트,1
소곱창,1
스포일러,1
강릉꼬막맛집,1
브링턴,1
6세그램,1
유아룩,1
더치커피,1
유아식공유,1
소곱창택배,1
캠핑여행 ,1
독서 ,1
강릉콜드브루막걸리,1
정인아미안해챌린지,1
샤로수길맛집,1
송도국제도시,1
콜드블루원액,1
돌아기유아식,1
엄마표,1
소막창구이,1
만삭,1
캠핑가족 ,1
북스타그램 ,1
강릉경성포차,1
지켜주지못해,1
샤로수길데이트,1
6세의삶,1
초등옷,1
커피원액,1
돌아기반찬,1
포항핫플,1
"강아지방석
",1
더숲디자이너의,1
에이글,1
언제나올까,1
바노바기,1
호텔,1
캠핑준비 ,1
공부 ,1
정인아미안해,1
서울대입구맛집,1
표정부자아들 ,1
생축,1
모래놀이,1
12개월아기식단,1
소막창,1
달음산정상,1
banobagi,1
노스피크텐트,1
기록,1
트런,1
그립다그리워,1
우리가바꿀게,1
샤로수길핫플,1
아들스타그램👦🏻 ,1
육아맘힘듬,1
도이창커피,1
베리쿡,1
울산여행,1
소대창,1
앰플잠금마스크,1
saintjohns ,1
포레스트,1
아동학대근절,1
샤로수길,1
아들생일에,1
모델아기,1
감자부자,1
아기김치,1
"강아지침대
",1
울산핫플,1
소염통,1
저탄고지 ,1
3중시트,1
서핑,1
폴미첼,1
대모산,1
그것이알고싶다,1
필기구,1
귀여운아들,1
파티는어른들이,1
우리아이장난감,1
패피아기,1
감자지옥,1
아기백김치,1
사각팬,1
강아지침구 ,1
소이빈삼동,1
호일마스크,1
서프보드,1
그알,1
볼펜,1
손감각,1
시흥,1
고마워요,1
아기김자반,1
신상카페,1
보자기가방,1
바노바기화장품,1
오늘의취업일기,1
16개월입양아학대사망,1
샤프,1
눈사람만들기,1
메르블루,1
감자채전,1
아기주먹밥,1
카페투어,1
달1614,1
보자기에코백,1
f4l  ,1
정인이,1
제트라이드,1
홈스쿨링,1
800일,1
하정우김먹방,1
디자인스터디,1
머루와인,1
데일리보자기,1
떡갈비 ,1
순위드,1
같은것같지만다른사진,1
부모라면,1
직선볼펜,1
볼살이포동포동 ,1
고양이옷,1
가방은,1
최준우김먹방,1
강아지하우스 ,1
달,1
비건레시피 ,1
순한피부,1
자유여행 ,1
백스커피,1
자식이라면,1
초딩,1
귀욤뽀짝,1
다이어트식품,1
놓고가도,1
일상스타그램,1
무주구천동머루와인,1
좋은글귀,1
37주,1
순한화장품,1
인스타이벤트,1
우리,1
중딩,1
고양이패션,1
달팽이가족,1
빠방은,1
유치원생활,1
반짝반짝사진 ,1
아이피키,1
기록하기,1
덕유와이너리,1
아이컨택,1
좋은글,1
순한젤크림,1
5월여행 ,1
동참,1
고딩,1
애완달팽이,1
다이어트최강식품,1
챙기는,1
열심히,1
숨은그림찾기 ,1
마이시크릿프로바이오틱스,1
꽃그램,1
가족나들이,1
레드와인,1
안경추천 ,1
책구절,1
나오는건초롱이맘,1
순위드젤크림,1
단가라실내복,1
trip ,1
우리가지켜주십시다,1
대딩,1
와와,1
남자지,1
쭈구리,1
미술수업,1
프로바이오틱스,1
와인추천,1
플루마티타 ,1
태동검사,1
유수분밸런스크림,1
승무원과외,1
포포인츠바이쉐라톤 ,1
1월13일,1
핫트랙스,1
곧사망각,1
흑와금와,1
아이들간식,1
수영수업,1
프로바이오틱스유산균,1
레드와인추천,1
"티타늄안경 
",1
초롱일기,1
젤크림,1
오토캠핑장,1
면접,1
첫공판,1
라이노바,1
이쁘니 ,1
일찍죽는대,1
달팽이집을지읍시다,1
주전부리,1
생후807일,1
축구수업,1
유산균추천,1
한국와인추천,1
블루라이트차단안경 ,1
배가싸르르,1
너해,1
순한세정,1
취준생,1
잊지않을게,1
직선샤프,1
금연해,1
첫이벤트,1
늘응원해,1
질유산균추천,1
"안경테추천 
",1
천연성분,1
오래오래_입을수_있는옷,1
첫캠핑 ,1
끝까지지켜볼게,1
샤론치약,1
동생아,1
김찌맛집,1
임산부영양제,1
도미노,1
전통주,1
베타티타늄안경 ,1
보통의언어들,1
밸런스크림,1
기차,1
천연치약,1
엄마가좋아아빠가좋아 ,1
instalike ,1
3월9일오후6시에만나요,1
젤이쁠때,1
여성영양제,1
직화스테이크피자,1
전통주추천,1
남자안경 ,1
김이나작사가,1
노지캠핑 ,1
드립커피,1
오랜만,1
안심치약,1
줌스타,1
코로나깨부쉬기,1
조봉순국밥,1
인도레스토랑그레이,1
임산부영양제추천,1
"여자안경
",1
보통의언어들_김이나,1
운동복패션 ,1
ootdfashion ,1
첫피드,1
블루투스스피커,1
아동복 ,1
본점,1
인도카레,1
신바이오틱스,1
백산수무라벨,1
데일리안경 ,1
운동복코디,1
키자니아잠실,1
엄마의마음,1
한강공원,1
모듬국밥,1
아연,1
피자,1
챌린지,1
분수대,1
가벼운안경 ,1
위즈덤하우스,1
79파운야드,1
회 ,1
강남역,1
서비스직,1
스피커,1
애가셋이라서요,1
조카봄옷,1
열심히연습중,1
살코기족발,1
남편이랑데이트,1
엽산,1
천지차이백산수,1
동글이안경,1
해산물 ,1
다자연,1
캠핑중 ,1
제가사장이된다면유아동반호차를두칸으로,1
좋은글 ,1
토마호크,1
무선스피커,1
헌팅당한기분,1
5세맘,1
우리아이봄신상,1
둘이서,1
내새꾸 ,1
엽산추천,1
백산수,1
다자연365,1
기호1번,1
우대갈비,1
무선블루투스스피커,1
그네의자 ,1
기분은좋음,1
육사소통,1
이또한지나가리,1
첫밸런스바이크,1
장건강,1
바른물습관챌린지,1
전복회 ,1
다자연365그린,1
워싱까지_해서_나올,1
오늘만난존예인친님반가워여,1
블루투스무선스피커,1
잘타네👍 ,1
맥날,1
물멍,1
생후800일아기,1
백산수2l마시기,1
나를숨쉬게하는보통의언어들,1
체크코디,1
전복 ,1
くたもの,1
선인장마스크,1
널리널리알려주세요,1
옆,1
당일치기여행 ,1
dancestudio,1
가성비블루투스스피커,1
모래무지키우기,1
그입무엇,1
좋구나,1
직사각팬,1
물,1
문어숙회 ,1
デザート,1
닭강정,1
bts세트,1
먹지않아요,1
어제와다른오늘,1
주말마실 ,1
이너케어,1
전지현,1
가족사진,1
문어회 ,1
スイカ,1
올리브영마스크팩,1
난,1
캠핑용품,1
구피안시네온테트라,1
귀염둥이 ,1
백산수라떼,1
맑음,1
기장오랑대,1
ㄱ_ㅏ끔,1
청자켓 ,1
에이투at9,1
삼촌선물 ,1
가족이늘었어요,1
6시부터출근,1
오이도,1
십년감수,1
아빠5월에등골휜다,1
빙수맛집,1
빨리끝나길,1
살림,1
생수,1
리포머필라테스,1
가족룩,1
올리브영세일,1
비클래시,1
g4렉스턴 ,1
눈물을흘린ㄷ_ㅏ,1
테니스타그램,1
이군족발,1
에이투스피커,1
삼촌선물감사,1
작은어항속세상,1
힘들지만,1
생명의나무전망대,1
근데아빠도5월생이야,1
거리,1
셀프세차 ,1
월급도사랑할수있는날이왔으면좋겠어요,1
구름 ,1
가성비,1
맛있는걸어떡해 ,1
굶기지않을께,1
감사할따름,1
5월생패밀리,1
미성당,1
강아지잠옷 ,1
9주,1
날씨 ,1
감정,1
at9,1
잘살아보자,1
초등생졸업인줄,1
고른,1
두번은못할것같아요,1
납작만두,1
koreanboy,1
젤리곰,1
4살딸 ,1
맑음 ,1
충실,1
블루투스스피커추천,1
5세의세계,1
울아들사진이읍네,1
고른한우사골도가니탕,1
최상의컨디션가즈아,1
대구만두맛집,1
양평,1
목동맛집,1
휴럼,1
촬영이고뭐고_그냥춤판,1
웨이트리펜션,1
현재,1
에이투,1
아이스크림육아 ,1
바디슈트 ,1
음악신동,1
후부스터,1
한우사골도가니탕,1
화이트인테리어,1
양평카페,1
하루밥상,1
어린콜라겐,1
훗날인스타에서추억팔이용,1
부산나들이 ,1
강남역맛집,1
알러지사료,1
내귀엔천재소년,1
후부스터공구예정,1
어린이날선물,1
사골국,1
쫄면,1
반찬,1
어류콜라겐,1
엄마모델,1
운동화,1
패밀리카 ,1
나도가족끼리시간보내고싶은,1
행복 ,1
사유의서재,1
민요가즈아,1
후부스터공구,1
오락실,1
도가니,1
특별한선물,1
오늘뭐먹지,1
하루,1
필라테스운동,1
더시그니처어린콜라겐,1
꽃집,1
강남맛집,1
굿데이펫,1
덩실덩실5세,1
농구,1
살림팁,1
땔레야땔수없는사이,1
반스,1
부산필라테스,1
콜라겐펩타이드,1
누가꽃이게,1
강남역파스타,1
다니엘 ,1
강아지사료이벤트,1
책읽고춤출줄은,1
아기용품,1
최고점수,1
송혜교닮음,1
양천구맛집,1
일산 ,1
happiness ,1
강남역스테이크,1
고양이사료이벤트,1
너란아이,1
아기의자,1
갱신,1
격하게아무것도안하고싶다,1
즐거웠어요,1
양천구반찬,1
영혼없는,1
온통대전,1
강남역가볼만한곳,1
사료체험단,1
내아들,1
6세형아,1
우산동맛집,1
힘내자,1
강화도옥토끼우주센터,1
목동반찬,1
콜라겐효능,1
자낳괴,1
koreanulzzang,1
강남역소개팅,1
사료이벤트,1
신월동반찬,1
아기랑놀기,1
내가원한표정은이게아닌데,1
black ,1
강남역모임,1
육아좋아요,1
집콕육아함께해요,1
바가지머리,1
심야맛집,1
퐈이야,1
신정동반찬,1
피부관리,1
전신샷,1
쩝,1
트레일워킹,1
selfietim ,1
강남와인바,1
고양이반지,1
흥남매,1
멋짐폭팔,1
로맨틱치즈봉봉,1
햄버거김밥,1
끝나지않는육아 ,1
초고속블렌더,1
반찬배달,1
피부좋아지는법,1
키즈비치타올,1
포레스트아웃팅스 ,1
오늘의일기,1
강남역와인바,1
캠핑스타그램 ,1
꾹꾹이반지,1
7세의삶,1
귀요미뿜뿜,1
서울대공원,1
스포츠,1
모듬돈까스,1
마사지건 ,1
반찬배송,1
부산금정산,1
기능성콜라겐,1
인생은길고배움은끝이없습니다,1
냥덕후,1
블라제이마켓,1
식약처인증,1
흥부자,1
몬스테라,1
차박캠핑🚙 ,1
랜선집사,1
벌써부터학원,1
우리집안심지킴이,1
새우튀김,1
달밤에체조 ,1
바이빔카페트,1
사리곰탕,1
흥부자딸,1
정시,1
3,1
어서오고,1
가고파도못감,1
살균소독기,1
무릎아파,1
등심,1
밤공기 ,1
벨기에카페트,1
유퀴즈라면,1
ayu25,1
고민고민하지마,1
여인초,1
합격자발표,1
오롯이 ,1
야식맛집,1
4,1
집에서모하지,1
생활필수품,1
못걷는대요,1
신촌,1
안심,1
청주아이와가볼만한곳,1
라골르카페트,1
사리곰탕면,1
아유트웬티파이브,1
관엽식물 ,1
신입생,1
7세가정보육,1
당분간,1
치즈돈까스,1
피로회복 ,1
사리곰탕파스타,1
아유25,1
장마시작,1
전공,1
대전근교여행 ,1
젤리발바닥,1
7세엄마표학습시작,1
선생님선물,1
치즈튀김,1
체력단련 ,1
뜨돈,1
카페트추천,1
유퀴즈라면레시피,1
태교,1
치유성분,1
원광대학교,1
핑크 ,1
편지스타그램,1
대전근교차박지 ,1
고양이발바닥,1
달콤냥이,1
금지,1
판도라테슬다크,1
사리곰탕파스타레시피,1
고양이태교,1
신사동가로수점,1
뒹굴뒹굴,1
사범대학,1
차박장소추천 ,1
무릎냥이,1
어린이집필수품,1
혼돈까스,1
진천동돈까스,1
롯데잠실점,1
커피수혈,1
겨울 ,1
비타500,1
차박성지,1
심쿵사,1
고냥이,1
봄이불,1
nongshim,1
푸드스타그램  ,1
롯데건대점,1
달달한게필요한시점,1
일산신상카페,1
최고,1
클레이,1
냥덕,1
육묘일기,1
유아이불,1
냥냥펀치,1
블루아이디,1
크림파스타,1
신상품나왔을땐,1
분수,1
대학교,1
반지,1
서울숲,1
유아용품,1
운동끝 ,1
넥밴드선풍기,1
08l,1
식물원,1
네일아트 ,1
동기,1
에이스,1
감동이야,1
악세사리추천,1
신난아이들,1
우리가사는온도,1
부모님선물 ,1
휴대용선풍기,1
휴롬감자전,1
감탄국물떡볶이,1
정읍카페,1
여행에미치다 ,1
믹스커피,1
감동선물,1
귀여운반지,1
엄만춥다,1
아이용선풍기,1
성화축산,1
썰매,1
15영상리뷰,1
순수,1
일상속,1
객리단길,1
아이선풍기,1
경산식육식당,1
서울카스테라,1
아침운동 ,1
티라미수,1
체코 ,1
커피와함께하는즐거움,1
심심함,1
홈트스타그램,1
아이넥밴드,1
카스테라,1
부산육아맘 ,1
반사  ,1
까를교 ,1
현실,1
여름필수템,1
아빠생일 ,1
마음은_쇼생크탈출,1
소중해,1
네이버스마트스토어,1
czech ,1
대전캠핑 ,1
좋아요반사반사,1
❤ ,1
홍대빵집,1
페리페라,1
불국사 ,1
인생,1
prague ,1
잘살아보세,1
저녁식사,1
종이인형,1
거품목욕,1
생활가전,1
두명의주인공 ,1
펑크커피,1
알러뷰,1
peripera,1
등원코디,1
겹벚꽃 ,1
praha ,1
명동데이트,1
기호성좋은사료,1
좋아하는,1
덥다더워,1
😇 ,1
콜드브루,1
베프,1
올테이크무드테크닉팔레트,1
꿈을쫓아가는우리들,1
너랑함께하면기분이좋아,1
명동데이트코스,1
사료추천,1
7세공쥬,1
강아지건강검진,1
홍대포차어게인,1
무드테크닉팔레트,1
매트필라태스,1
육아출근 ,1
안생길것같죠,1
제뉴어리6,1
생각,1
명동놀거리,1
추억의놀이,1
여시방댕이 ,1
고마웡,1
홍대포차,1
금정산금샘,1
무드테크닉,1
아침체조 ,1
생겨요좋은일,1
pink ,1
재클린,1
명동가볼만한곳,1
추석템,1
꽃보다아름다운너,1
홍대맛집,1
금샘,1
닭가슴살샐러드 ,1
어라운드브라운,1
필라테스그램 ,1
장담합니다,1
bridge ,1
쥬빌리브라이드,1
눈내리는명동,1
할미네,1
소근육발달에짱,1
매일매일,1
쉘위체리,1
실내복공구,1
엄마랑아이랑,1
운동기록,1
karluvmost,1
리마조테일러,1
vr체험,1
네츄럴랩,1
이쁜것만있다고,1
해골,1
상인동밥집,1
도슨트퍼니처야외가구,1
큐레이션팔레트,1
37개월,1
손에온봄,1
남산타워가는길,1
멋진건없어,1
내일더,1
연남동맛집,1
라미식탁,1
쇼룸방문,1
홍대술집추천,1
놀이키트,1
labelyoung,1
체험단모집,1
사립초,1
푸짐한한상,1
홍대가성비술집,1
닭가슴살두부 ,1
키트,1
띠띠뽀케이크 ,1
라벨영,1
사립초당첨,1
집사,1
상큼한_레몬아이스티,1
만들기,1
네살생일 ,1
정글트레일러닝,1
에센스토너추천,1
육아그타그램 ,1
얼씨구나,1
멘무라,1
홍대데이트,1
30주,1
샌드베이지,1
옷만드는엄마,1
미술키트,1
세돌 ,1
미백에센스,1
육아좋아 ,1
귀찮음,1
단체샷,1
상인동라멘맛집,1
미술활동,1
쟈키커피,1
딸생일 ,1
미백토너,1
밥해야지,1
이제부터초등준비,1
베이비페이스,1
엄마표미술놀이,1
동문시장,1
휴일일상,1
예비초등맘,1
모서리족발,1
감탄치킨,1
7월이라니,1
유아미술,1
동문시장카페,1
날이좋아서,1
제공제품,1
맘이심숭생숭,1
개냥이,1
임창정모서리족발,1
데일리먹스타,1
정원시공,1
아이디어스수제청,1
취미스타그램,1
더위는계속되고,1
집콕놀이아이템,1
원기회복,1
살아가는이야기,1
광주첨단점,1
수제자몽청,1
사량도가마봉,1
임밍아웃,1
여름은길고,1
육아는장비빨,1
기력회복,1
육아는날씨빨 ,1
재밌게지내자,1
미니족발,1
다이어트도시락,1
신상준비,1
엄마표만들기,1
면역력,1
초등프로필,1
피아노7세,1
부평,1
직업체험 ,1
카페납품,1
통영사량도산행,1
택배발송에,1
아이랑놀기,1
부모님선물,1
그냥다님,1
부평문화의거리,1
오뚜기,1
벌써수요일,1
더하리스토리,1
정신이가_오락가락,1
릴스 ,1
장어즙,1
육아소통7세,1
꽃축제,1
혼족,1
생선구이,1
자몽에이드,1
경남등산코스,1
여성유산균,1
건강즙,1
날씨가다했다,1
11살,1
육아맘일상,1
앉아서는잘타여,1
오뚜기생선구이,1
질건강유산균,1
명절선물,1
아들바보❤️ ,1
초등4학년,1
아이사랑,1
언덕중독,1
렌지에돌려먹는생선구이,1
헤일로탑,1
가마봉,1
우먼스밸런스,1
놀이미술,1
생일케이크 ,1
왕실비책,1
남양주불법개농장,1
건강하게커다오,1
지금보고싶다,1
엄마아빠표낚시놀이,1
씨솔트카라멜,1
등산코스,1
덴마크유산균,1
신상예고,1
연천,1
디져트맛집,1
홍대맛집,1
봉사활동,1
5세7세,1
낚시놀이,1
피넛버터컵,1
여성질유산균,1
열심히포장중,1
냉장고,1
홍대술집,1
아들일상 ,1
불법개농장,1
자석놀이,1
할머니댁,1
낚시장난감,1
벌스데이파티,1
질건강유산균추천,1
서울근교나들이 ,1
베스킨라빈스31,1
홍대떡볶이,1
책의힘,1
가족체험단,1
halotop,1
여성유산균추천,1
조금만자고일어나서,1
서울근교여행 ,1
홍대씨부엉,1
강아지구조,1
일상놀이,1
간단레시피,1
즐주,1
여자유산균,1
선선한바람,1
당근라페만들어야지,1
서울근교드라이브 ,1
씨부엉,1
입양해주세요,1
홈스쿨실험,1
여름날씨,1
파주드라이브,1
베라,1
홍대데이트,1
17개월 ,1
임보처구해요,1
자석실험,1
없는머리칼휘날리며,1
생선구이맛집,1
연천드라이브,1
횽대존맛탱,1
씽씽이직박령,1
산청꿀갈비,1
부산사람,1
충분히,1
청보리밭축제 ,1
골라먹는재미가있네,1
피자나라치킨공주,1
갤럭시s20,1
펭귄,1
문보트,1
주말나들이 ,1
청주갈비맛집,1
강원도집,1
300일,1
버츠비,1
휴식이필요해,1
연천여행 ,1
부산송도 ,1
교복,1
치킨맛집,1
전파뤼,1
어린이집하원후,1
김포라베니체,1
주렁주렁 ,1
비하동맛집,1
가창맛집,1
산행,1
기념여행,1
레스큐시카밤,1
서울근교데이트 ,1
오랜만에,1
저녁메뉴,1
배달음식,1
다니엘그램 ,1
성장기록,1
명절음식,1
자취,1
달보트,1
하남 ,1
부산핫플,1
유지어터,1
레스큐오인트먼트위드시카,1
공룡공원 ,1
야식스타그램,1
육아쥬👍,1
진짜맛남,1
신난다,1
닭가슴살샐어드 ,1
시카핵심성분,1
36개월아기 ,1
피자치킨,1
내입맛에딱,1
술마시는날,1
낙뢰,1
피부진정,1
후기사랑,1
나무,1
16개월아기 ,1
파크프리베,1
손편지,1
거울,1
오리불고기,1
임당관리,1
패밀리밤,1
제이드미나사랑,1
부산가볼만한곳 ,1
주의은혜,1
흥많은엄마,1
돼지불고기,1
광안리,1
진정밤,1
광교카페거리,1
팔찌선물,1
선물은,1
부끄럼쟁이,1
옥녀봉,1
달맞이고개,1
시카sos밤,1
엄마닮음,1
팔찌,1
육아는사진빨 ,1
트로트사랑,1
경주보문단지,1
수련 ,1
피부진정멀티밤,1
화요일그램,1
경기도가볼만한곳 ,1
셀프아이스크림,1
팔찌스타그램,1
자제하자,1
코로나여행,1
백숙,1
순살치킨,1
올리브영진정밤,1
경기도카페,1
베스킨라빈스,1
육아정보공유 ,1
행복은돈과비례하는것,1
벚꽃나무여행,1
상황버섯백숙,1
무료배송,1
헤이리마을,1
광교중앙역,1
파인트,1
예수그리스도,1
지갑털털,1
나무만오지게보다온,1
노랑백숙,1
요가자세 ,1
신메뉴,1
실내복무료배송,1
문산,1
아이스크림맛집,1
할렐루야,1
너가행복하면됐어,1
2021년벚꽃여행,1
요가동작 ,1
냉털도시락,1
감탄신메뉴이벤트,1
웰라쥬,1
문산카페,1
성령충만,1
눈정화 ,1
주말은쉬자,1
센카,1
파주베이커리,1
감사합니다주님,1
해주냉면택배,1
향좋은샴푸,1
파주브런치,1
삼겹본능,1
매운냉면,1
통영사량도가는길,1
비니거스킨케어,1
둘째아들 ,1
쫄면주는삼겹본능,1
냥모닝,1
신규색상 ,1
신천해주냉면,1
옥녀봉에서,1
허블룸,1
저녁일상 ,1
장비빨,1
대림동맛집,1
고양이는사랑입니다,1
출시,1
해물알탕,1
런드리유,1
파주여행 ,1
엄마바보 ,1
해외직구,1
대림썬프라자,1
생후755일,1
누름초밥,1
제작비협찬,1
파우더워시,1
저녁밥 ,1
분홍색,1
대림역맛집,1
나들이 ,1
풀무원녹즙,1
반려견일상 ,1
드롭디세이오드퍼퓸,1
국룰,1
margiela ,1
대림맛집,1
우리집이회맛집,1
서울숲  ,1
청자몽맑은피부잡티세럼,1
오하우스시즌4,1
마르지엘라 ,1
대림동삼겹살,1
에너자이저팸 ,1
현대백화점리빙페어,1
시스템파고라,1
백년만에셀카,1
비알티씨앰플,1
마지막신상품,1
오하우스시즌4멤버소개,1
cavea,1
2020년 ,1
익선동카페,1
요거트한사발먹고,1
홈이자카야,1
청주침대추천,1
디워밍업,1
비타브리드,1
경자년 ,1
익선동주얼리샵,1
육아는우산빨 ,1
귀여워귀여워,1
어린이집출근중,1
청주쇼파추천,1
파주루버월,1
아벤느,1
파주신상카페 ,1
일출 ,1
종로카페,1
어린이집적응완료,1
디자인,1
사량도등산코스,1
브레스실버,1
파주배이커리,1
새해 ,1
홈베이킹,1
주말나들이추천,1
곡면연출,1
통영등산로,1
잉여의하루,1
아르히비건,1
유아홈웨어,1
파주브런치카페,1
뿌리또,1
아기스타그램 ,1
도치할미할비 ,1
정원카페,1
주스,1
빌리프,1
마들렌,1
뿌리또몰,1
아들아침,1
닥터슈라클,1
인생 ,1
공장,1
핑크마스크,1
베이비룩 ,1
초등맘스타그램,1
옥수수주먹밥,1
인플루언서 ,1
스킨유,1
당첨축하드려요,1
내전부 ,1
주문,1
분홍마스크,1
아기동영상 ,1
이너뷰티템,1
일상샷 ,1
허스텔러,1
실내복보내드려요,1
에이바우트,1
1월1일 ,1
"사랑해
",1
라이스마들렌,1
오트음료,1
초4아들,1
건강주스추천,1
파티온토너패드,1
투썸,1
해피뉴이어 ,1
요크셔테리어 ,1
귀리음료,1
어린이집적응기,1
몸보신,1
김밥,1
과채주스추천,1
강아지일상,1
닭가슴살볶음밥 ,1
진짜천연토너,1
투썸플레이스 ,1
happynewyear ,1
징징이,1
크림치즈마들렌,1
이솔라비오,1
땡깡도활발해짐,1
무게 ,1
늘즐거운,1
잇메이트 ,1
약산성클렌저,1
아가리어터,1
황치즈마들렌,1
비건음료,1
화장실도못가게하는,1
문래돼지불백,1
중량운동 ,1
베이킹수업,1
하이킹코스,1
랭킹닭컴 ,1
부농,1
살롱10,1
대화역,1
마들렌만들기,1
유제품대체음료,1
육아탈출 ,1
엄청난껌딱지,1
정왕점,1
당치땡,1
labelc,1
고양,1
해운대바다,1
유기농,1
행복한하루 ,1
그래도고마워,1
돼지불고기백반,1
당신은치킨이땡긴다,1
춥파춥스,1
선크림은닥터지,1
센츄리클럽,1
이탈리아,1
행복한주말💕 ,1
생후24개월아기,1
기사식당,1
강서구치킨,1
수부지크림,1
앤서프롬,1
동기부여,1
고마워  ,1
페이보잇한입찹쌀탕수육,1
양천구치킨,1
수부지기초,1
화미사,1
자연,1
탄현,1
유투브채널,1
사랑해❤️,1
근손실,1
한입찹쌀탕수육,1
강서구야식,1
한독에코패키지,1
자연학습,1
덕이동,1
cindyteacher,1
찹쌀탕수육,1
강서구맛집,1
겨울수분크림,1
무표백속커버,1
온라인수업,1
탕수육,1
두뇌교육 ,1
치킨추천,1
기초화장품,1
벨레다,1
일산호수공원,1
창문산악회50좌하기,1
온라인강의,1
네이버 ,1
탕수육맛집,1
강서구배달맛집,1
민감성피부,1
벚꽃md,1
학습동기부여,1
육아는 ,1
썸머위크 ,1
호빵맨,1
겨울기초케어,1
벚꽃엠디,1
영어강사,1
놀이터가좋아요 ,1
유아선물 ,1
스벅,1
일산브런치카페,1
reels,1
시원하게한잔,1
조카선물  ,1
도하네저녁밥상,1
샌들을안들고와서,1
이른육퇴,1
신년선물 ,1
스터드콜드컵,1
파티온,1
신발이미스네ㅋㅋㅋㅋ,1
새해선물 ,1
컵앤소서,1
fation,1
아기수영복,1
무대륙 ,1
마들렌맛집,1
육아는삼촌빨 ,1
잘적응중,1
happyday,1
유아완구 ,1
체리블라썸,1
파티온바이옴패드,1
아동내의,1
아기선물,1
수분우량주패드,1
육아크리스마스 ,1
트레일러닝조끼,1
아들인듯딸인듯 ,1
화요일,1
바이옴패드,1
키즈룩,1
너무예쁘다 ,1
특허바이옴패드,1
매일 ,1
고수분진정패드,1
여름신상아동복,1
너에게 ,1
저자극토너패드,1
반하다 ,1
비빔밥,1
올리브영토너패드,1
아빠랑딸 ,1
맛있게먹자,1
차은우토너패드,1
컴포트,1
주말은가족과함께,1
한끼맛집,1
웰컴썸머,1
첫눈,1
은우랑수분해,1
담양,1
맨몸마라톤,1
50일,1
연습은연습일뿐,1
큰집,1
냥이스타그램,1
눈이와,1
담양맛집,1
걷뛰,1
오해하지말자,1
묵은지삼겹살,1
애견까페 ,1
함박눈,1
더블유코리아,1
담양여행 ,1
뜀박질,1
엄마기대했네,1
퓨어머스크오드퍼퓸,1
죽녹원,1
천천히하자,1
비스마일,1
김치전,1
강쥐사랑 ,1
아르마니마이웨이,1
담양카페,1
김치찜,1
기다려줄게,1
비스마일제주,1
황태떡국,1
월요일저녁,1
힐링중  ,1
강아지패션,1
스콘 ,1
마이웨이,1
담양가볼만한곳 ,1
젊은아빠 ,1
기차산,1
사랑해아들,1
파김치,1
비브,1
담양죽녹원,1
초심,1
제주도카페,1
맘소통 ,1
고영희,1
아크네스,1
대나무,1
결혼전,1
인연,1
리락쿠마,1
koreanstyle ,1
강아지스타그램 ,1
핑크수분팩,1
훌쩍커버린 ,1
크로플전문점,1
청주돈까스맛집,1
연작,1
육아파파,1
사귄지1년,1
크로플카페,1
너무덥다,1
까띠에핑크클레이,1
결혼한지6개월,1
24개월아기두돌아기,1
주방문,1
돈까스만들기,1
유기농온뜨레,1
5월5일,1
런스타그램,1
닫고싶어요,1
도하돈까스,1
와우맘임산부크림,1
사실,1
마라톤,1
24개월아기,1
줌마스타그램 ,1
도돈,1
미니마우스,1
비오템,1
아동복상하세트,1
알콩달콩,1
나는,1
상남자변신,1
첫등원,1
디즈니,1
파란병,1
고등어,1
티격태격,1
마라톤스타그램,1
달리기 ,1
브라운면도기,1
고등어요리,1
지리산,1
육아는놀이터 ,1
좀늦게출근하면안되겠니,1
제모기,1
고등어보우스시,1
천왕봉,1
하버드반,1
보우스시,1
황리단길 ,1
지리산천왕봉,1
등치는형아반,1
croffle,1
유산소운동 ,1
고등어소바,1
베이컨말이주먹밥,1
행복한부녀 ,1
온소바,1
dietfood,1
장꾸 ,1
베리베리,1
블리스브라운,1
서귀포고등어맛집,1
산사병,1
애견블랭킷,1
메리크리스마스 ,1
번아웃증후군,1
하얀세상 ,1
크리스마스케이크,1
다이어트그램 ,1
착한어린이 ,1
산카페,1
"인친해요
",1
케틀벨 ,1
부녀스타그램 ,1
크리스마스이브,1
christmas ,1
인디펜던트커피,1
송파카페,1
케틀벨스윙 ,1
크리스마스md,1
christmastree,1
송파맛집,1
케틀벨운동 ,1
연말,1
볼링연습 ,1
퇴근길놀이터 ,1
만1세,1
석촌호수,1
케틀벨스쿼트 ,1
다이어터그램 ,1
맛점,1
행복해💕 ,1
석촌카페,1
딸기귀신,1
펫스타그램dog,1
다이어터소통 ,1
꾸안꾸렌즈,1
뽀로로파크제주 ,1
엄마는1일1깡중 ,1
내일더행복하자,1
중국냉면,1
육아데일ㄹㅣ ,1
다이어터일기 ,1
등원코디 ,1
스탠리텀블러,1
생일축하해,1
송리단,1
짬뽕파크,1
백미양식,1
다이어터맞팔 ,1
제주생활 ,1
라면,1
송리단길카페,1
오산맛집,1
제주초당옥수수,1
볼링선수 ,1
브런치카페,1
차이나아이스누들,1
구운초당옥수수,1
코로나너무싫다,1
연안부두,1
송파브런치,1
루나,1
어시장,1
육아맛집 ,1
근육운동 ,1
luna,1
3살아기 ,1
저질체력,1
근육 ,1
워킹맘소통,1
롱래스팅수분광팩트,1
스트라이크 ,1
피드,1
마약옥수수,1
환생템,1
볼링내기 ,1
케틀벨트레이닝 ,1
노란옥수수,1
오리지널수분광,1
메뉴,1
사탕옥수수,1
사진촬영 ,1
빼빼로,1
강아지스카프,1
팩트추천,1
댓글이벤트,1
제철음식,1
모멘토,1
오픈토스트,1
빼빼로데이,1
루나팩트,1
소환,1
모멘토커피,1
해바라기토스트,1
큰아들 ,1
베리쨩,1
팩트,1
"럭키박스
",1
휘슬러원팟2021,1
1-2세추천,1
두돌치레,1
눈보라 ,1
동안웰리카,1
돌끝맘,1
제주도살아보기 ,1
아기고열,1
brunch,1
마사지볼 ,1
혼쇼핑,1
웰리카콜라겐,1
제주살기 ,1
아이유등산화,1
생일티내는중,1
소모둠곱창,1
웰리카,1
별내맘,1
애월숙소 ,1
등산화추천,1
winter,1
aussie,1
정리운동 ,1
갓성비,1
웰리카저분자피쉬콜라겐,1
별내맛집,1
Flowercollection ,1
제주도숙소 ,1
준비운동 ,1
애견용품 ,1
키즈룸인테리어,1
fragiled  ,1
저분자콜라겐,1
건강차,1
봄소풍 ,1
캠핑메뉴,1
출근길 ,1
수족냉증에좋은차,1
나들이장소 ,1
중국식냉면,1
땅콩볼 ,1
퇴근길,1
해피치즈스마일 ,1
피로회복에좋은차,1
대전한밭수목원🌳 ,1
어버이날선물,1
그냥건강이최고에요,1
필미업플러스,1
꽃게찜,1
냉면맛집,1
소곱창맛집,1
가정의달,1
샤승이랑오래오래살아야지,1
배디슨케어,1
드디어연휴끝,1
오늘도덥구나,1
자매맘,1
우리엄마아빠도이런마음이셨겠지,1
fillmeup,1
연휴끝이더무서움,1
브런치박스,1
당귀,1
월요병예약,1
온라인파인다이닝,1
사진정리중,1
도하네저녁,1
천연오일,1
형제맘,1
우주인다이닝,1
벌써며칠전,1
라운드어라운드,1
헤어오일,1
내방,1
사용후기,1
밀키트형브런치코스,1
추억만들기,1
청주맛집추천,1
찐후기,1
수란,1
청주소고기맛집,1
디퓨저,1
직딩인다이어트 ,1
책상,1
무신사,1
운동후 ,1
매일돈까스,1
청주곰탕맛집,1
클린디퓨저,1
컬크림,1
테이블데코,1
야자수,1
그만먹음안되겠니,1
오늘아니고어제 ,1
수이재1928,1
환경보호 ,1
오가닉포에버,1
사이좋은둘,1
거셀 ,1
청주수이재,1
환경운동 ,1
organicforever_official,1
페스츄리,1
😍,1
엘베샷 ,1
수이재,1
팔로워,1
고양이자랑,1
워터팩,1
여름세일,1
협찬 ,1
오징어,1
육아지옥,1
매일매일말썽갱신중,1
해변산책,1
오뮤,1
프리미엄케라틴,1
일부품목,1
서퍼선크림,1
오삿갓,1
민초단,1
강아지옷맞춤제작,1
세일,1
서퍼선크림알로하,1
서퍼선크림하와이,1
극복중,1
715일,1
일주일전,1
딸바보  ,1
데일리선크림,1
돈,1
노티드제주,1
원숭이띠아기맘 ,1
skinbeauty,1
중독,1
민트초코도넛,1
리치콜라겐,1
스탠드조명,1
리사이클 ,1
노티드도넛,1
그릭요거트만들기 ,1
지속가능한패션 ,1
스마일,1
책상꾸미기,1
봄코디 ,1
시크릿투톤,1
비스마일 ,1
곰돌이아메리카노,1
식약처기능성인정,1
후드티코디 ,1
엄마딸 ,1
뿌리염색,1
일일콜라겐최대함량3,1
리사이클코튼 ,1
우리집딸 ,1
단발병,1
제주서쪽카페 ,1
또가고싶은곳,1
저분자512달톤어린콜라겐,1
데일리패션,1
전투육아 ,1
묭실,1
아들은 ,1
700일기념,1
서쪽카페투어 ,1
매일가고싶은곳,1
할로윈md,1
no화학부형제,1
아동스타그램,1
소품,1
하루 ,1
살롱드화사,1
최고 ,1
700일,1
제주카페투어 ,1
무료제품,1
no합성첨가물,1
감성인테리어,1
제주살이 ,1
이의동미용실,1
즐거운육아,1
애월카페 ,1
배송맛집,1
no설탕,1
아기이불,1
제주도카페 ,1
육아퇴근 ,1
광교미용실,1
제주가볼만한곳 ,1
물없이간편하게_1일1샷_액상콜라겐,1
차렵이불,1
굿나잇 ,1
조던1 ,1
화린이,1
제주애월핫플 ,1
어사출또,1
스타벅스엠디,1
키즈이불,1
잘자요 ,1
코즙,1
쌩큐,1
제주애월 ,1
스타벅스할로윈,1
수면이야기락티움,1
수면영양제,1
현실육아,1
카페투어 ,1
산오징어,1
취미생활,1
수면에좋은영양제,1
이불,1
식물,1
수원미용실,1
comingsoon,1
핫플투어 ,1
이유식용기,1
밤마실 ,1
컬렉션,1
락티움,1
플랜테리어 ,1
jmt,1
가오픈 ,1
횟집풀코스,1
냉동밥보관용기,1
마그네슘,1
초록 ,1
도시락통,1
옥수수 ,1
수면건강,1
감성아동복,1
식물키우기 ,1
퇴근후,1
자동반사처럼나오는,1
가오픈카페 ,1
밀폐용기,1
식물인테리어 ,1
단발머리,1
에헤이,1
체중계 ,1
도시락용기,1
여름파자마,1
딸방,1
몬스태라,1
파마언제해,1
이런건잘따라하지,1
제주신상카페 ,1
인바디체중계 ,1
카제인단백질,1
웃겨죽겠음,1
출근도시락,1
5살딸래미그램 ,1
굿슬립마크,1
먹스타그램ㅈ,1
생후710일,1
강아지그램 ,1
유단백가수분해물,1
아동홈웨어,1
소프라움키즈,1
일상  ,1
서리태콩,1
비오는날,1
백반,1
cafe ,1
체중관리 ,1
열풍서리태,1
꼴깝,1
키즈안경,1
분식,1
open ,1
인바디측정 ,1
비가와서,1
안경,1
preopen ,1
인바디 ,1
막걸리,1
라비오뜨,1
bread ,1
부침개,1
labiotte,1
제주일상 ,1
coffee ,1
우리집맛집,1
선쿠션,1
눕방,1
to_go ,1
스누피,1
선크림,1
동태찌개,1
눕육아,1
dessert ,1
넷플릭스 ,1
0g자차,1
생후708일,1
여행후유증,1
무기자차,1
김포,1
기록스타그램 ,1
조카랑,1
집돌이 ,1
흑백사진,1
선케어,1
순대,1
체중기록,1
아들이랑,1
부부취미 ,1
홍어무침,1
커풀룩,1
육퇴후드라마 ,1
화인유원샵,1
미니김밥,1
수요맛집,1
보기만해도흐믓,1
꿀잼 ,1
화인밀키트,1
하루영양제,1
"비스마일
",1
돈통마늘보쌈,1
딸같은조카,1
피곤은덤 ,1
선팔하면맞팔,1
아동내복,1
aussiehill,1
와디즈,1
딸인듯아들인듯 ,1
보족애세트,1
육아스트레스풀기 ,1
followmeto ,1
팽이버섯,1
여성이너뷰티,1
좋아요💕,1
돌담집,1
언니랑,1
새송이버섯,1
피어몬트,1
여성비타민,1
대전맛집 ,1
돌담카페,1
셀카투척,1
소세지,1
패브릭소파,1
대전맛집추천 ,1
보족애,1
협제해수욕장,1
캠핑밀키트,1
비타민추천,1
대전짬뽕맛집 ,1
돌아온밥태기,1
보조개,1
자매여행,1
바베큐,1
돌담,1
비타민,1
월평동짬뽕맛집 ,1
간을쎄게하라,1
제주그루브,1
호주베이커리,1
안국약품,1
갈마동짬뽕맛집 ,1
생후704일,1
세자매더웰푸드,1
제주바람,1
피부속건조,1
대전학짬뽕,1
제주도앓이,1
delicate_soul,1
라이스볼,1
제주베이커리,1
파르크우록,1
히알루론산영양제,1
광교엘리웨이,1
짐정리,1
pull_of,1
쌀스낵,1
감성아기옷,1
제주베이커리추천,1
가창,1
주말외출,1
start_now,1
광안리해수욕장,1
브이팩,1
3ce,1
대구근교카페,1
v_pack,1
예약,1
사무실,1
블러링리퀴드립,1
다이어트과자,1
가족 ,1
와디즈펀딩,1
애스타그래,1
블러필터,1
자동차실내복,1
제주하늘,1
행주,1
블러필터립,1
빈티지,1
눈사람만들기 ,1
패브릭,1
베일효과,1
귀찮다,1
셋트,1
제주빈티지샵 ,1
흑백사진 ,1
먹고자구싸구,1
눈오리 ,1
집꾸미기그램,1
리퀴드블랜딩,1
큐브미,1
작품전시회 ,1
테이블매트,1
app메이크업,1
手作り,1
cubeme,1
부채살,1
역류방지쿠션,1
3초장동건,1
식탁보,1
르뷰,1
サンドイッチ,1
퍼펙트큐브플러스,1
빈티지패션 ,1
멋쟁이아들,1
태양,1
냄비받침,1
얼루어,1
夜ご飯,1
perfectcubeplus,1
빈티지샵 ,1
가성비굿,1
일출,1
오그래놀라초코고래밥,1
접시,1
증명사진,1
마이퍼스트콜라겐,1
제주소품샵 ,1
비빔면,1
그래놀라,1
증명사진잘찍는곳,1
서귀포카페추천 ,1
짜파게티,1
양양,1
민증사진,1
곰인형,1
소고기,1
육아뿌셔👊 ,1
미남아들,1
낙산해변,1
난드르바당,1
곰돌이실내복,1
육아는아이템빨,1
생후699일,1
낙산,1
보쌈,1
먹는히알루론산,1
찐감자,1
낙산사,1
흑돼지맛집,1
요린이,1
ff ,1
아모레퍼시픽콜라겐,1
빈티지소품,1
유월맛집,1
베이킹,1
자전거그램 ,1
데이트코스,1
vintage ,1
육아는노래빨 ,1
6월맛집,1
뷰도이쁜곳,1
follow4followback,1
vintagestyle ,1
기승전,1
어쩌다사장,1
김치찌개도짱맛,1
스콘,1
국대닭곱새,1
vintageshop ,1
지중해부부,1
육퇴후자유시간 ,1
쉼,1
원천상회,1
닭곱새,1
청약,1
잔망폭발 ,1
눈빛무엇,1
매운라면,1
행복하자우리,1
고양스타필드,1
푸딩몰,1
청약당첨,1
sea,1
검둥이,1
fabric,1
스타필드고양,1
서류통과,1
beach,1
차태현,1
숨도,1
homedecor,1
펫팸,1
계약,1
조인성,1
석부작박물관,1
너와나의웃음코드 ,1
homesweethome,1
대창,1
중문맛집,1
이쁜정원,1
중독주의 ,1
수박먹방,1
여행에미치다_국내 ,1
제주동쪽,1
아웃백,1
강원도화천,1
미로같은길,1
ㅋㅋㅋㅋㅋㅋㅋㅋㅋㅋㅋ ,1
제주동쪽카페,1
티본스테이크,1
일상스타그,1
홍게라면,1
신비해,1
육아맘소통환영 ,1
flower,1
제주내추럴와인,1
명란계란말이,1
이게힐링이지,1
곧700일,1
와인바,1
귤나라,1
미다,1
7부레깅스,1
소고기맛집,1
보고있나지아코 ,1
제주와인바,1
귤따고싶은아들,1
midha,1
플라워시,1
이쁜조카,1
아기영상 ,1
라이스바디로션,1
손소독제,1
ricebodylotion,1
유아레깅스,1
아들딸 ,1
포켓손소독제,1
쌀화장품,1
flowash,1
ricecosmetic,1
새니타이저,1
핀쵸바,1
자연유래화장품,1
유치원룩,1
보습도한번에,1
승마체험,1
볶음밥,1
포켓소독제,1
말타기,1
운전,1
처음이예요,1
지금여기제주,1
스케일,1
bistro,1
사무실인테리어,1
등원준비,1
얼집룩 ,1
준비운동,1
망고쥬스,1
가벽,1
콜로세움,1
김치콩나물국,1
italianfood,1
리치망고,1
셀프가벽,1
콜로세움카페,1
찰떡궁합,1
spanish,1
리치망고애월,1
파티션,1
랜선여행 ,1
아기레깅스,1
컨디션,1
강원맛집,1
쪼꼬미조카,1
교동한과,1
제주카페투어,1
아들사랑 ,1
회복,1
화천맛집,1
뒷태도이뻐,1
요미요미귀요미 ,1
리틀유과,1
라면맛집,1
울애기뒷태도귀엽넹,1
"세젤귀
",1
소풍,1
레깅스패션,1
제주공항카페 ,1
남매룩 ,1
감사합니다🙏,1
케이쿠,1
케이쿠투어,1
무모한초밥,1
폼롤러 ,1
맛있닭 ,1
tpe요가매트 ,1
스티커사진 ,1
eva폼롤러 ,1
현대상회,1
현미밥 ,1
아침일상,1
쌈밥 ,1
말티푸그램 ,1
시력보호,1
인친그램,1
제주도,1
육아청소 ,1
빵순이,1
like4like ,1
제주여행,1
과거,1
김관식빵집,1
바다,1
볶음밥맛집,1
애월카페,1
돌카롱 ,1
전신샷,1
단발,1
폼롤러마사지 ,1
셀,1
디뮤지엄 ,1
블럭놀이 ,1
jejudo ,1
블럭 ,1
원숭이띠아기  ,1
데이트코스,1
실시간,1
커피 ,1
누룽지,1
리얼핏밴드 ,1
비숑미용,1
jejutrip,1
글램핑,1
following,1
뜨거워,1
공원스타그램,1
자세교정밴드 ,1
비숑하이바,1
상무지구 ,1
jejukorea,1
followers,1
기다림,1
어깨교정밴드 ,1
여유로움,1
안산호수공원,1
거북목 ,1
추격전 ,1
아침밥상,1
아기루돌프 ,1
거북목교정밴드 ,1
ㅋㅋㅋㅋㅋ ,1
게으름,1
루돌프옷 ,1
라운드숄더 ,1
한밤의달리기 ,1
굽은어깨 ,1
꿀잠예약템 ,1
시작,1
광주옥1947,1
감성  ,1
제주도민,1
평양냉면,1
오늘 ,1
행복한고양이,1
푸드스타일리스트 ,1
남매맘 ,1
익선동맛집 ,1
바싹불고기,1
놀이터데이트,1
아깽이,1
전복요리 ,1
굴라쉬맛집 ,1
시간,1
놀이터육아,1
전복구이 ,1
슈니츠맛집 ,1
강아지크롭티 ,1
전복찜 ,1
가족일상 ,1
수제딸기쨈 ,1
미지우,1
완도 ,1
"디엠 
",1
육아스토리,1
독일가정식 ,1
혼맛집,1
어젯밤이야기 ,1
놀이학교친구,1
완도전복 ,1
kidsroomdecor,1
첫비행기 ,1
육아선팔맞팔,1
어복쟁반,1
아령운동 ,1
노벨반,1
갈비탕,1
라이언 ,1
동네친구모여라,1
"강아지펌킨탑
",1
달려달려 ,1
건강식단  ,1
제주주당,1
자기전힘빼기 ,1
주당,1
꿀잠성공 ,1
"강아지벌룬탑
",1
강아지물통,1
딸그램 ,1
여자운동 ,1
산책보틀,1
주니어,1
강아지물병,1
제주돈까스,1
outfit ,1
홈트운동기구 ,1
강아지바캉스 ,1
강아지산책용품,1
익선동 ,1
여행용파우치 ,1
산책용품,1
여행용화장품 ,1
제주호텔,1
천제연폭포  ,1
배앓이방지,1
여행준비물 ,1
풍경스타그램 ,1
여행필수품 ,1
여행용품 ,1
유럽,1
인스타키즈 ,1
키드여행용키트 ,1
아기 ,1
베이비여행용키트 ,1
강아지스타그램,1
아르떼뮤지엄 ,1
여행용세트 ,1
여행용파우치세트 ,1
주니어모델,1
전라도맛집,1
불고기덮밥 ,1
목살,1
아기여행용키트,1
남도맛집,1
비건 ,1
연남동맛집 ,1
써브웨이,1
연근셀러드,1
수제버거 ,1
이탈리안비엠티,1
고추잡채,1
내복공주 ,1
수제버거맛집 ,1
로티세리바비큐치킨,1
들깨소스,1
강변,1
햄버거 ,1
좋아하다,1
소통스타그램 ,1
요거트메이커 ,1
"좋아요반사 
 ",1
제주여행코스,1
반신욕 ,1
육아템추천 ,1
첫줄 ,1
콩콩이그네,1
제주서쪽,1
오늘모하지 ,1
인형그네,1
weekend,1
sunday,1
딸바보엄마 ,1
artemuseum ,1
청담카페,1
청담동,1
메종드라카테고리,1
フォロー ,1
내일오전9시에만나요,1
フォロバ ,1
"좋반환영 
 ",1
フォロミ ,1
첫째둘째,1
레스토랑,1
소파베드,1
相互 ,1
식탁,1
여유,1
프로쇼핑러 ,1
사무실꾸미기,1
相互フォロー ,1
いいね返しは絶対 ,1
韓国すきな人と繋がりたい ,1
오늘은공주 ,1
시나몬,1
韓国人 ,1
공주스타그램 ,1
약속 ,1
얼음돔,1
청주젤라또맛집,1
followfollowback ,1
정주행,1
뉴팔도회랑조개랑,1
캉골키즈7월체험단,1
강,1
흑백 ,1
산낙지,1
liker ,1
예당호출렁다리,1
부녀 ,1
슬기가저런거왜모으냐거,1
음악분수,1
follow4follow ,1
뭐라했었는데,1
사진보정 ,1
흔들리는다리위에서,1
해삼,1
저건졸라이뿌다해쥼,1
네샴푸향이느껴진거야,1
멍게,1
함덕,1
광인이네,1
스타벅스텀블러,1
함덕해수욕장,1
활력,1
본아트,1
스타벅스md,1
원목테이블,1
곧네살 ,1
주말나들이,1
크리스마스준비🎄 ,1
스타벅스여름md,1
세살 ,1
예산여행,1
대전근교카페,1
스타벅스크리스마스,1
놀이방 ,1
백종원,1
치닝디핑 ,1
"강아지여름옷
",1
스타벅스할로윈,1
카드놀이,1
젠틀마스터치닝디핑 ,1
스타벅스봄md,1
영철버거,1
스벅텀블러,1
내일오전9시만나요,1
"강아지바캉스
",1
선팔맞팔환영 ,1
jeju ,1
컬렉션,1
풀업 ,1
푸쉬업 ,1
푸시업 ,1
너하고싶은거다해 ,1
너가우리집대장 ,1
턱걸이 ,1
젤라또,1
공동육아 ,1
현백충청점,1
홈짐인테리어 ,1
청주젤라또,1
먹태안주,1
신제품 ,1
8개월 ,1
신제품출시 ,1
오창맘,1
여치니의선물,1
믿음,1
오송맘,1
걸크러쉬지려따,1
육아맞팔선팔,1
생파,1
딥스 ,1
인친들 ,1
멋있었따,1
레그레이즈 ,1
쵸리사룽해,1
육아맞팔공유 ,1
행잉레그레이즈 ,1
커플링,1
셀카맛집,1
홈트레이닝기구 ,1
bvlgari,1
"좋반환영 
",1
육아고수,1
타투,1
전망대회센타,1
출시예정 ,1
불가리,1
insta,1
활어회,1
여름준비,1
비제로,1
예산맛집,1
새우소금구이,1
비제로원,1
집콕일상,1
디어커스 ,1
물회,1
우도 ,1
비제로원반지,1
금,1
프롬커스 ,1
비제로원4밴드링,1
그레이원데이수세미 ,1
4밴드링,1
주부,1
followforfollow,1
어젯밤,1
수세미 ,1
원데이수세미 ,1
먹방투어 ,1
일회용수세미 ,1
먹방성지순례 ,1
원목선반,1
해운대산책 ,1
국물이끝내줘요,1
디어커스수세미 ,1
바지만들기,1
엽서,1
국민수세미 ,1
좋반환영,1
벽꾸미기,1
무더위,1
그레이수세미 ,1
날씨,1
숯한날 ,1
입맛,1
1종주방세제 ,1
첫돌 ,1
セルカ,1
천연주방세제 ,1
돌잔치의상 ,1
주방세제 ,1
돌잔치스냅 ,1
디어커스주방세제 ,1
아이랑가볼만한곳,1
설거지 ,1
웨이트운동,1
청주어린이,1
아들생일 ,1
주방용품 ,1
청주데이트,1
강아지옷도매,1
탑입었다,1
강아지촬영,1
맨몸아님,1
맞좋아요,1
화성맛집,1
처피뱅,1
춤스타그램,1
제부도맛집,1
처피뱅현실,1
벽장식,1
bts ,1
앞머리자름,1
선반,1
bboy,1
여자앞머리,1
btsdynamite,1
이순신,1
소규모돌잔치,1
좋반환영,1
꽃게탕맛집,1
비보이,1
능곡점,1
화이또 ,1
귤맘 ,1
사극,1
ㅋㅋㅋㅋㅋㅋㅋㅋ ,1
배움,1
재봉틀그램,1
깨달음,1
공감툰 ,1
체중감량 ,1
어린이집룩 ,1
いいねした人全員ファローする ,1
대작,1
격공 ,1
그날이왔다,1
스폰지밥 ,1
키즈패션 ,1
중3,1
징징이짤 ,1
개학,1
대전육아 ,1
육아랑,1
딸맘 ,1
poto ,1
브랜드데이행사 ,1
일상육아 ,1
고양이 ,1
아빠자는모습이랑똑닮아,1
이호테우해변,1
엽기사진,1
이호테우,1
딸래미 ,1
기프트데이 ,1
현대어린이책미술관,1
댕댕이 ,1
등하교,1
홈트용품 ,1
아기패션 ,1
바디프로필도전 ,1
키즈코디 ,1
픽업,1
시훙맛집,1
지웰시티,1
연년생육아,1
태풍싫어 ,1
네이버브랜드데이 ,1
육아할미 ,1
청주맘소통,1
30개월 ,1
코로나싫어 ,1
melkin,1
찐친 ,1
풍어촌,1
손녀사랑  ,1
소고기 ,1
낙지비빔밥,1
재롱보는맛에육아하나봄 ,1
수분조절 ,1
편의점앞,1
베이비모델,1
돌솥밥,1
청주낮데이트,1
아빠메롱,1
복대동카페,1
맨날놀고싶다,1
いいねした人全員ファローする,1
현대백화점키즈카페,1
파라솔,1
다니엘웰링턴,1
학교급식,1
육아모델 ,1
evergold,1
습관성형 ,1
딸램그램 ,1
성수가오픈,1
iconiclink40,1
선물추천,1
다니엘웰링턴할인코드,1
레이퀸젖병소독기,1
성수동맛집,1
남자여름코디,1
여자여름코디,1
남성시계,1
여성시계,1
로또,1
levelupyourlook,1
하트모양,1
로또1등,1
babystagram,1
팔로미 ,1
나도자고싶다 ,1
이번주는저입니다,1
젖병소독기,1
데일리룩,1
모래놀이 ,1
꾸준함이답이다,1
맞팔해용 ,1
놈코어룩,1
방귀,1
토평동맛집,1
선팔환영 ,1
여자시계,1
남자시계,1
로또당첨,1
어린이날 ,1
휴일 ,1
지갑속,1
소통해요 ,1
소중한번호,1
정담명가남원추어탕,1
약속지키기,1
우렁추어탕,1
DM ,1
해운대,1
부산여행,1
로또당첨번호,1
니니,1
유니콘,1
어른이,1
아이랑놀기 ,1
해수욕장 ,1
아이키친,1
쿠킹클래스,1
강아지봄옷,1
307스튜디오,1
육아전쟁 ,1
community,1
파주맛집,1
주말육아,1
diet,1
캐주얼 ,1
옥련동맛집,1
캐주얼코디 ,1
인천여행,1
감귤밭 ,1
태어나처음,1
집에서놀기 ,1
남편 ,1
흑염소탕,1
선팔맞팔환영  ,1
맛있다그램,1
명성식당,1
루이비통,1
팔로우반사 ,1
아빠아들 ,1
잠실 ,1
옥천맛집,1
소고기국밥,1
협찬문의 ,1
동갑부부 ,1
코코라운지,1
주말드라이브,1
따로국밥,1
패션스타그램 ,1
물감놀이 ,1
동갑내기부부 ,1
점심시간,1
보신,1
selcagram,1
dailypost ,1
노는게제일좋아,1
키즈스타그램 ,1
피곤,1
ad ,1
challenge,1
부자지간,1
황태 ,1
아빠와아들 ,1
춥도하,1
성장기록 ,1
자유시간 ,1
술한잔 ,1
건강그램 ,1
10개월아기 ,1
빈티지룩,1
아들그램 ,1
홈트족 ,1
혼밥추천,1
포트레이트262,1
흑염소탕맛집,1
foll ,1
portrait262,1
농장직영,1
아기데일리 ,1
시지동맛집,1
526,1
hometraining ,1
임창정의대단한갈비,1
돼갈,1
아이랑갈만한곳 ,1
공구 ,1
프라다호보백,1
인스타펫,1
육아기록 ,1
멜링 ,1
프라다테수토체인백,1
아기일상 ,1
염소탕맛집,1
물냉면,1
요가링 ,1
프라다,1
간식 ,1
아기,1
사진첩,1
dior,1
멜킨멜링 ,1
멜킨요가링 ,1
패션스타그램,1
강아지모델,1
주부스타그램 ,1
딸바보그램 ,1
instafashion,1
비오는주말아침,1
요가링추천 ,1
애견옷,1
요가링스트레칭 ,1
잔도하,1
요가링종아리 ,1
주말오전,1
종아리운동 ,1
먹고힘내기,1
감량기 ,1
어깨마사지 ,1
허리마사지,1
새댁,1
추억스타그램,1
건강이최고,1
죽을때까지,1
오퍼프,1
피플,1
피자플리즈,1
강아지옷이벤트 ,1
"애견의류브랜드 
",1
집 ,1
덩실분식,1
오늘도 ,1
찹쌀떡,1
미니멀룩,1
방탄소년단,1
도너츠,1
"강아지모델
",1
가을그램 ,1
먹태공구 ,1
메롱,1
56년맛집,1
강아지원피스 ,1
먹태구이 ,1
btsdynamite ,1
제천맛집,1
맛의달인,1
레트로갬성,1
댕댕이옷 ,1
주방 ,1
덩실덩실,1
공항룩,1
다이어트추천 ,1
부엌 ,1
"강아지단체복
",1
살림살이 ,1
추억맛집,1
주방인테리어 ,1
dynamitebts,1
휴일밤,1
술진상,1
살림 ,1
미운세살 ,1
야경맛집,1
오퍼프x피플,1
술찌,1
유산균 ,1
부엌인테리어 ,1
투정 ,1
감성맛집,1
sandro,1
주방스타그램 ,1
땡깡 ,1
분다버그핑크자몽,1
토끼정,1
cake,1
얼빡샷  ,1
twomuchtalker,1
에그타르트,1
countdown,1
새댁 ,1
간식이라도,1
shop,1
홈스윗홈 ,1
집꾸미기 ,1
 ,1
follow4like ,1
블랙핑크,1
문보트 ,1
주방꾸미기 ,1
프로게이머 ,1
디저트맛집,1
충북맛집,1
자연학습 ,1
문화동맛집,1
찹살떡맛집,1
체험학습 ,1
outer,1
도너츠맛집,1
jacket,1
제천여행,1
포항,1
다이어트식단기록 ,1
마당있는집 ,1
조림명가,1
웨이팅,1
feedback ,1
아이일상 ,1
dancevideo,1
두부조림,1
횟집,1
벌크업,1
배그할사람 ,1
고등어조림,1
벌크업중,1
배그스타그램 ,1
내일부터다이어트,1
아들일상,1
친정 ,1
즐거움,1
외할머니댁 ,1
모두,1
먹스터,1
친정집 ,1
강아지침대,1
다섯살 ,1
ost,1
남친짤,1
5살 ,1
남자코디룩 ,1
닭띠아기 ,1
공주카페,1
가을데일리룩 ,1
건담조립,1
먹태리우스 ,1
오오티디룩 ,1
델룩 ,1
1cm다이빙,1
대학생룩 ,1
홈파티 ,1
건담,1
빨래스타그램,1
퐝,1
남친룩코디 ,1
집요정,1
술안주 ,1
영일대,1
데일리룩스타그램 ,1
foll,1
북부해수욕장,1
アンパンマン  ,1
거울샷그램 ,1
미드나봐야지,1
마라도물회,1
협찬모델 ,1
넷플릭스추천,1
건담스타그램,1
생활의달인,1
협찬디엠  ,1
지정생존자,1
브이로그영상 ,1
선팔하면맞팔가요,1
물회왕중왕,1
asianboys ,1
독서,1
koreanboys ,1
프라모델,1
uzzlangboy ,1
피규어,1
ulzzangstyle,1
please,1
셀고 ,1
주말스타그램 ,1
재탕,1
강아지바캉스룩 ,1
집콕일상 ,1
풀장,1
흔남 ,1
panettone,1
훈녀 ,1
리빙룸 ,1
연휴맛집,1
스마일 ,1
가실꾸미기 ,1
원목마루 ,1
우드인테어 ,1
포항여행,1
성심당케익부띠끄,1
공이네파전,1
workout ,1
vlog ,1
홈스타일링 ,1
발레리나,1
동묘단골집,1
instaaddict ,1
유튜브영상,1
투썸플레이스,1
막걸리한잔,1
typicalme ,1
감성사진 ,1
스트로베리초콜릿생크림,1
selpic,1
일식 ,1
청소스타그램,1
미역국,1
노포집,1
후토마키 ,1
전신거울 ,1
돼지껍데기무침,1
키즈안경 ,1
고추부추전,1
십장생막걸리,1
남친룩 ,1
일상룩 ,1
초밥 ,1
맞팔좋아요 ,1
일식맛집 ,1
Rilakkuma ,1
일식요리 ,1
바쁜일상,1
강아지셀카,1
인친님 ,1
피부,1
케익맛집,1
트러블,1
먹스타그램🍴 ,1
스트레스,1
벽선반 ,1
달리기,1
legends ,1
패브릭소파 ,1
자랑질그램,1
followxfollow ,1
플레이스테이션4프로,1
서울여행,1
부부나들이,1
useful,1
달고나커피,1
부부사진,1
인싸되기,1
첫릴스도전,1
아지엄지,1
롤리폴리,1
달고나,1
원샷,1
삼촌,1
달고나만들기,1
stussy,1
조카스타그램,1
개린이날,1
개족사진,1
교동반점,1
분위기좋은카페,1
교동짬뽕,1
푸드스타일링,1
커피스타그램,1
오죽헌한옥마을,1
instalike,1
비안옴,1
뽕쟁이,1
닭갈비,1
매맛,1
instadaily ,1
매혹적인맛,1
제주맛집 ,1
알바 ,1
매료되는맛,1
협제해수욕장 ,1
매력제인맛,1
매콤한맛,1
커플,1
환상의조합,1
마켓컬리 ,1
춘천,1
훈재닭가슴살 ,1
오늘은내가요리사,1
인스타맛집,1
택배맛집,1
소개맛집,1
강원도맛집,1
강릉맛집,1
서울창신동,1
와글와글족발,1
47년전통,1
시흥아울렛,1
식욕 ,1
벙거지,1
드라마,1
닭갈비맛집,1
뉴욕,1
최선을다하자,1
파리,1
런던,1
도둑,1
바르셀로나,1
밥도둑,1
비행기,1
갈치,1
카페스타그램 ,1
공복유산소 ,1
홈카페  ,1
은갈치,1
불금저녁,1
동대문맛집,1
갈치튀김,1
창신동맛집,1
london,1
paris,1
최애족발,1
건강하게만자라다오 ,1
30년전통,1
제주산은갈치,1
trip,1
송돗골,1
갈치조림,1
voyage,1
동춘동맛집,1
인물,1
book,1
차근차근,1
저칼로리식단 ,1
영화배우,1
airport,1
탤런트,1
drama,1
혼인신고,1
육개장맛집,1
명품나주곰탕,1
나주곰탕,1
신혼여행,1
앙코,1
애완견,1
식단일상 ,1
축가영상,1
instagra,1
콩콩볼 ,1
울컥,1
펫그램,1
긴장,1
청첩장,1
navy,1
펫패션,1
diet ,1
러브,1
삼겹파티,1
된찌,1
vacation,1
물냉,1
사람을찾습니다,1
좋은아침,1
프사,1
계획세우기,1
anco,1
자가격리,1
성형,1
men,1
어플,1
보정,1
식단일기,1
조명발,1
petfashion,1
얼굴,1
사물이,1
preopening,1
킹덤,1
안전,1
좀비,1
킹덤2,1
첫,1
instababy,1
latte,1
유튜브먹방 ,1
개봉,1
삼겹맛집,1
유튜브촬영 ,1
wisky,1
베이커리맛집,1
둘째,1
응원합니다,1
정민막창,1
막창,1
가오픈투어,1
참소주,1
파이팅,1
얼짱,1
하이볼,1
구독 ,1
벌써1년,1
자축,1
잡스타그램,1
성수동바,1
진심,1
내당동맛집,1
출소,1
막창맛집,1
대학로,1
문현한우곱창전골,1
차단해제,1
문현한우순대내장볶음,1
흰티,1
내장볶음,1
밥반찬,1
내복,1
jeans,1
인싸,1
드라이브스루,1
딸기요거트,1
망고바나나블렌디드,1
임신,1
starbucks,1
둘째임신,1
color,1
소소한일상,1
pink,1
yellow,1
카페맛집,1
이태원클라쓰,1
단밤,1
인상적인하루,1
주일오전,1
온라인예배,1
이또한지나가리라,1
봄날,1
ic,1
장보기,1
불고기베이크,1
송년회,1
연말,1
파티,1
room,1
costco,1
hotdog,1
마트털기,1
dress,1
family,1
훈녀,1
감사,1
마무리,1
이태원,1
공기,1
꺽기,1
성공,1
놀기,1
북한산,1
비상사태,1
k2,1
아침,1
식사,1
핸폰,1
출근,1
훈훈한,1
먹고살기,1
애기,1
음식,1
천사,1
angel,1
너무,1
내버거는언제나옳다,1
빅맥22년차,1
상하이버거16년차,1
1955버거5년차,1
후회없는선택_맥올데이,1
맥올데이는_언제나옳다,1
베이컨토마토디럭스,1
hamburger,1
burger,1
수제햄버거맛집,1
